,PC 1,PC 2
0,-56166.977441134375,-6.55711138060201
1,44452.02491663347,14.089394601557535
2,11833.022215940682,-14.013857643943942
3,-34938.97674476862,-1.3578462483290774
4,61551.026527457136,30.124165565343052
5,-16462.977455294415,-9.939396854057692
6,-34132.976905868796,-2.788314856204971
7,-8166.975418945075,12.0403187201317
8,-52782.977382423174,-6.752797267235894
9,-35502.976840853924,-3.0141748788816067
10,53812.02321164918,-5.866090638012007
11,-61717.97698788046,-1.7263653045560414
12,-16166.977327848543,-8.165980394243618
13,6833.023155897664,-4.382499139595186
14,-57695.97735699424,-6.687618242690435
15,21414.023950446765,2.855462440551472
16,-11292.97731830119,-8.802571030702445
17,71833.02194207678,-20.053196501618093
18,-53070.977489696554,-8.183656320367374
19,7464.023624886331,2.221053408536199
20,-45726.977260537606,-4.730568088303748
21,-4002.97650081077,-0.08849533993419215
22,31833.02292468124,-7.901250774546574
23,-55566.97654044334,1.8843044100719284
24,-24927.977078726723,-5.052698484508395
25,-8712.976756037464,-2.598201117696441
26,-47358.97688402106,-1.6476408312882256
27,-28175.977465068456,-9.087402902410458
28,-57030.97678179836,0.3105568136762344
29,-9166.972970431314,38.96674162120931
30,-31794.976140531115,3.718302248708818
31,-31974.976132256765,4.894419873809293
32,1833.0227539072305,-8.29185705475147
33,126833.02284925753,-12.78199901354284
34,56833.023783595614,-0.14909855222832072
35,47833.02291877868,-8.490379511280691
36,-57222.97730551161,-5.637024048309846
37,3178.023555052446,0.18300030740473747
38,51833.02237230439,-14.740076283116393
39,-53046.97691260057,-1.4783462668577099
40,-8334.975769224253,7.707441485174992
41,72360.02462449257,9.417622990488061
42,2097.02428328798,8.79406429978862
43,38027.02236633839,-13.636047368551866
44,58771.02667816284,31.362152610004088
45,-34254.97711696703,-5.156878123507946
46,50741.0267576367,31.284748584381592
47,-39630.975778648506,10.138019337068952
48,7502.023087491894,-4.8515925828322235
49,-59382.97695993069,-1.6005774760189644
50,-28494.977401464406,-8.491538514556149
51,22961.023000184065,-6.061578220009112
52,-34658.97725482928,-6.649510249048424
53,-29778.977683630994,-11.383152222861955
54,136833.02254778726,-16.346491543161473
55,-166.97726608174295,-8.248388398485167
56,-16974.975879900423,8.432109701303482
57,-33344.977473435916,-9.753458823532764
58,-34658.976895742984,-1.5365150404925505
59,81833.02599333804,22.571833620880533
60,-19542.975860723636,7.137448295390614
61,136589.02327991297,-9.15914050935077
62,16833.025094165838,16.62212112955263
63,-13877.973956937873,27.122814135554208
64,15833.02421049693,6.047036383557102
65,19085.026417224213,30.757162243304588
66,-34266.97558149828,10.839469025218913
67,18564.025091506155,16.09279848146026
68,6484.023107643178,-3.795017397600714
69,7769.025364247595,19.212068822038944
70,-35260.97575375276,7.959167969196261
71,-51388.97627678243,5.318623715784308
72,-15702.977161700406,-5.788520761224583
73,-18705.976712186923,-1.9996197955807262
74,-14844.977078545202,-5.3545912665409725
75,-10914.97711891556,-5.335378460864003
76,-63498.977411267624,-6.135881069603739
77,-43470.97748327479,-7.922296338102279
78,-33138.97718015881,-6.215734248287594
79,-46962.976073829006,6.434867365603062
80,-23370.975662131143,10.407816771695272
81,-20176.977281675037,-8.237307764298539
82,41528.02288233549,-8.798890811272386
83,24281.023193233363,-3.946075480934051
84,52070.023180017924,-5.574360794414719
85,-12090.977455904347,-10.264541967272807
86,91833.02320413486,-8.10922502180604
87,24797.02517014747,16.363554168668355
88,115583.02304495701,-9.042817173269508
89,-48186.977527292605,-9.369240871440491
90,-13166.975573147913,10.370718806092826
91,-55122.97622885101,5.833249116039739
92,-24126.975712904805,9.666986705537411
93,2926.0237813183926,3.2350742286561682
94,-22765.977282098513,-7.804196428664443
95,106833.02467679189,6.097262842442522
96,64188.02550572497,18.922115565112765
97,-32334.977497619362,-8.603668739912104
98,-49318.976920690926,-2.2826377273727756
99,38477.023215721354,-4.353301061146433
100,-58566.977413493616,-6.912086653186156
101,76318.02551926184,16.6938414686749
102,-61146.97726837465,-5.6651128391041885
103,51833.0227791472,-10.696743371740215
104,-54966.97750069391,-7.689205925323239
105,136833.0269213235,30.639167942900105
106,-618.975038819023,15.561044450306122
107,-9512.97699557498,-4.64720714524468
108,-62538.97679209559,0.04315171250131796
109,15833.02303288038,-7.0533601642561425
110,13821.022827229015,-8.197447960633063
111,-3680.977142900398,-5.807052850932713
112,-18166.975615749663,9.755657717389111
113,21833.022742301047,-8.438246585577048
114,-6121.976760503603,-2.8764050377749375
115,47033.02412960828,4.5214225278405635
116,-8712.976408417446,0.1374929172142534
117,8473.024106806206,6.626137447094723
118,-67386.97707237917,-3.592622405633578
119,1151.0246424409386,11.76314247060502
120,-4466.975958372573,6.341051023641115
121,15015.025505461885,20.878494754227578
122,-4182.976498845342,-1.1250245788339974
123,-9793.974475718116,21.34897956280519
124,71921.02629288158,26.43343936825978
125,-14117.975335152865,12.54632063068751
126,31833.022808744616,-9.234929148824751
127,51833.022586328094,-12.42979323779834
128,-20370.976355154482,3.39113276930843
129,-17411.976691623764,-0.5599518145024317
130,-58566.97696165541,-3.6566724071367576
131,-63930.977125133664,-2.343334315863167
132,-65850.97733522915,-7.329295632215088
133,-9603.977103945786,-5.444306367262231
134,44833.02375991649,0.48968054918695186
135,51833.02440965031,6.574470947657392
136,27833.02509024299,16.181042160011998
137,-12390.976230546916,4.268921575185317
138,81833.02267609668,-12.031899565026672
139,8621.023878695547,3.906928690532995
140,61833.026250267685,25.195155313060496
141,-54006.97551831505,14.056935139086711
142,78814.02376167107,-0.8067197769343534
143,23716.02584151272,24.294735299951665
144,-37038.97648441965,2.4204344161760765
145,5324.026415208996,30.773817856978194
146,-59094.97693707634,-2.735658326284677
147,-23538.975962692384,7.8813250485935455
148,-48620.976690286734,0.6494287293212873
149,-45465.97698606586,-3.1383555919246007
150,-35851.97723334197,-5.481140152926416
151,-41505.977228890675,-5.625049839311285
152,81833.02358848685,-2.420023223482006
153,-63966.97668689283,-0.48307913777792555
154,-45654.97757940495,-8.570562714743764
155,126833.02655490523,27.681390727999897
156,1470.0248866604095,14.792596517195594
157,6833.022778442762,-7.864553609253179
158,-34365.97700136998,-3.4138086068116373
159,46684.022425360425,-14.444740717517417
160,9664.023749889895,3.261842503342791
161,36833.02229777592,-14.860497909071515
162,-42222.977558448096,-8.80405142285692
163,15603.024264613141,6.851989308866552
164,-48820.97759077614,-9.485891683061077
165,-35850.97521050876,14.452747671510833
166,-27089.974839185033,16.84927266747034
167,-21633.976752562434,-1.1793694876167595
168,14717.024069673556,4.696209312931934
169,125722.02433745061,3.717635530244031
170,-4180.976947470995,-5.704431144220071
171,33833.02251431023,-11.846771745577401
172,-45306.97741513168,-7.444861198324155
173,-29478.97641695386,2.723432151689373
174,18809.022375076143,-14.543447557295268
175,-26658.974158556513,26.719029940783347
176,3833.022704796276,-8.426767490149734
177,-38148.977243658795,-5.934851049190985
178,-4180.976561441112,0.29480027783205937
179,26833.02372250277,2.5288996267228683
180,141833.02337086806,-7.335073352912784
181,-30332.976282132604,3.8992042105326767
182,-8712.974411020812,23.089919517010085
183,-36677.97717247933,-5.434573394317111
184,71833.02235810635,-15.496589304657236
185,34526.02496918078,14.831150826114627
186,935.0229165429973,-6.2486307984611305
187,-52638.97657369694,1.272760888734557
188,54413.022134667124,-16.69961017390343
189,-14265.976780311761,-1.2506160377564937
190,3718.0231109223414,-4.396298436719952
191,-14982.97715920247,-6.2419512548588365
192,51833.0240142866,3.362728724070339
193,-11019.975782971445,8.09687421755359
194,86833.02252990381,-14.960568480135217
195,15852.024519887504,10.681906745888057
196,-50250.97700291253,-2.4563895120587285
197,-4180.977328418584,-9.776931367634958
198,5777.023259934909,-4.211187520414689
199,-16974.977138480728,-5.992767709596262
200,74525.02698653218,33.98222125066539
201,-66969.97704261026,-2.8825462688132104
202,-46902.97755631746,-8.777394587745139
203,-10578.974622697702,21.341165496549305
204,-63510.97741133436,-6.132665501869368
205,-66186.97725427168,-5.068235609290165
206,-61818.977151791114,-3.875883741973373
207,-22770.97652503488,1.1311285178902877
208,131833.02334461687,-7.92440338704226
209,-59838.97715653141,-4.448663485499766
210,-5850.976844053679,-2.9160598325509715
211,-68158.97558077305,13.162461350441534
212,-40410.97742105195,-8.154027289428155
213,-40061.977584689135,-9.08104009319848
214,37990.02286082444,-9.161886324053425
215,6484.023330085864,-2.9204199472497785
216,-16462.974762774877,20.362132426822438
217,9846.024183507649,7.516530679201945
218,38728.02624650452,27.146760741437124
219,52843.022970150356,-7.756706809134205
220,30154.02268057217,-10.090807156535838
221,87497.02375985392,-3.9385244434966777
222,-14117.976762978722,-1.9158197646179516
223,-59058.976860974784,-1.0472274785526363
224,-57294.9775001315,-9.26417149044388
225,-60690.97685978593,-1.0912856597450957
226,-47484.97424401797,26.687831501947876
227,-51306.97735591479,-7.465121426702193
228,-10001.976976298378,-4.26858923978403
229,126833.02248556713,-17.599777643936914
230,-54942.977106368126,-4.134685440687458
231,74833.02326702003,-5.917822668662785
232,-46230.97702188362,-3.3184523580039396
233,-4180.97667626515,-1.7109558090483474
234,-63978.977418933406,-7.555277655154963
235,-56166.975513832884,13.391902058509187
236,-19167.976947236155,-3.1333932630503645
237,22372.02261634717,-10.019877508449175
238,-5346.97617476704,3.5483786554122836
239,70386.02561995499,19.88119660944499
240,-58146.97731720329,-6.299787810489273
241,-31794.977480715912,-8.972275908454947
242,-62598.97711789734,-2.651784305007628
243,-3307.9762181886385,3.2959247377632366
244,-14982.976931092591,-3.6084952782595145
245,105833.02306835992,-9.692260979368589
246,51833.02557713437,18.79509644443579
247,-5250.97656464806,-0.4835553361114728
248,-38010.97353366822,32.55957275583942
249,13949.022654963168,-9.562840048705839
250,9665.026351508239,29.850883510061994
251,-35851.97699247101,-3.6708310022145523
252,-42870.9765157419,2.280044494741853
253,9664.024998929292,15.839876374474258
254,-43566.97756942305,-8.75575948192487
255,-62718.97760543549,-8.902487242738193
256,-42186.976349904035,3.709954913245703
257,28575.022774520963,-9.757784649969388
258,-14982.977198085287,-6.917715078139071
259,81833.02604175196,23.397046962689775
260,-39798.97744439737,-8.223562896718702
261,18809.022304332193,-13.72810587990615
262,36833.022377816604,-13.983867269695974
263,-67998.97671053455,0.926871238597455
264,26372.02289741935,-8.13242251016615
265,-32166.976531554676,0.7770743902851883
266,-68130.9768794667,-1.4894053570515615
267,-55602.977158152615,-4.765346732509788
268,147065.0226481099,-15.126380623538232
269,65833.02431001555,5.9139341159588
270,12362.024218762192,6.518651692743684
271,-23166.97764408028,-10.485303610275006
272,-9116.977271841903,-7.979625707543393
273,-9603.977360138233,-8.713103676433319
274,-62238.9771582147,-6.952398437939257
275,-29778.97667018947,-2.170817861721962
276,100469.0232039551,-7.7988237615567595
277,-16278.976771318345,-3.048325939713466
278,-54150.9762633882,5.596742508742688
279,-26706.977375864302,-7.645637426881622
280,-9798.975843126673,7.832303968219983
281,-36990.97344949021,34.898624224687254
282,-27366.97657763593,0.4545887351820414
283,2097.0244947746887,11.445193341558024
284,22833.023114591408,-5.982032905411407
285,-53130.97675756814,0.8797499804232679
286,-57138.977125185425,-3.8162282962752148
287,-64.97739558696654,-9.729924706757236
288,5789.024564626572,11.53993694815789
289,-47223.975370607324,12.366602610362449
290,-24218.97730818225,-7.163922545884403
291,116833.0223717885,-18.188642916583397
292,-24218.975470218546,11.659667141525539
293,-41526.97545144575,13.167817694552308
294,-8712.975858367372,6.285508597894847
295,7502.02416886556,6.837901126840828
296,45909.02359161839,-0.6684612561544659
297,-55446.9774708692,-6.832185415480502
298,-3307.9775994558295,-11.673441549774287
299,111833.02502977639,12.405692730621336
300,14109.02329491302,-2.978071387191797
301,-50214.97754046757,-8.138793575007044
302,-56716.97752497901,-7.677257610565399
303,-62550.97726611058,-5.471116463252795
304,-34026.977361335514,-6.972828596164362
305,22591.023352761666,-2.6993563778212932
306,-53166.973642929996,33.25843342228477
307,76833.02286398913,-10.738694740575777
308,-7859.975719685592,7.164408255068685
309,-37899.97533981842,14.624453389438814
310,-43038.97633973619,3.0033236534482386
311,-32826.97658979612,0.9321139961505127
312,-56490.97420998123,27.57932371683686
313,41833.02462070433,9.57387421965969
314,-19686.977240850025,-7.398029801227524
315,25534.02430439177,7.09321512270252
316,27812.02366277057,0.8130953169905423
317,-38250.97449607328,23.777701620605534
318,27809.02490452663,14.085400629354991
319,-29116.97569252645,10.55029329564038
320,131833.02252998794,-16.230858619760564
321,30154.02583030192,23.352870796194583
322,-19167.976921210764,-3.020692721985116
323,27833.02261599405,-11.237691758775197
324,9683.023578471215,-0.07970401030525565
325,432.02331430927643,-3.6426077666461434
326,-37794.9767473752,-1.4921461010330788
327,-18306.973385456375,35.36941451550466
328,41833.02319112703,-5.104266073326634
329,55936.02302405973,-7.050458619756736
330,131833.0242577601,1.4559548982039374
331,18677.023595146806,-0.1992986237931126
332,51833.022777603706,-10.391463336920516
333,2170.0242103510172,7.684219189252559
334,20849.024615584505,10.874171614427832
335,27833.02399535942,4.0566889990943595
336,-18166.9769004284,-2.9112395217724
337,-7218.97640900524,0.1943581524311802
338,-35260.976789725806,-0.56183655993562
339,48581.025412233634,18.127937789077748
340,-31473.97575770196,9.424683100998099
341,-14844.975248264758,11.938584149335991
342,-19047.977679887874,-11.29461250095801
343,-16977.976384330745,1.7497639288029097
344,-18222.976870933253,-2.4126345700264404
345,51833.02534641451,17.7387573369834
346,131773.02254411875,-15.732801344087964
347,-54840.97729987082,-5.85956886550532
348,14926.02474035131,12.09722393387645
349,-5873.976622931576,-0.968461256571109
350,-15618.977239685257,-6.107781947888243
351,-35742.976970515636,-3.665792333600491
352,-22279.976880386952,-2.1744645975496706
353,-16974.97595825958,6.80645168318409
354,54473.023129221736,-5.914243299810509
355,15015.022632821183,-10.087372682638309
356,-44778.976811729866,-0.903084581180726
357,81833.02347072992,-3.588545116068073
358,-54426.97701801892,-3.7309709470475636
359,-8166.977839333248,-14.027125603340732
360,-40326.97681136016,-2.290632465492023
361,-17226.97676354997,-2.3716455930692097
362,-9116.977094367014,-5.682342140871469
363,-48702.97557356166,11.388243140635558
364,-1666.9767421635995,-2.3631914471861735
365,-27954.977195532814,-6.75395768201707
366,51833.02664445281,31.38152839540238
367,-47223.97694921782,-2.1568267469294446
368,7502.02270418768,-8.696734328289406
369,-26166.976153164927,3.310495012616296
370,-54624.97663001404,1.6145581007852694
371,81833.02278909589,-12.199910891699584
372,-23994.97644578917,1.6181413292517266
373,-18858.974474208608,21.846023329832803
374,7833.0243545312,9.181841466232074
375,22591.024589729986,11.636962280244928
376,-58386.97753755801,-8.789217112433287
377,23835.024735095187,11.369217527216069
378,91833.02726061964,35.75376557459315
379,1833.0227089522596,-8.414881424286536
380,1833.0224538909292,-11.348958417354003
381,-51678.9766360626,0.22663800331054423
382,-31466.976794325357,-0.426694104653495
383,36833.0225047689,-11.860068047577455
384,-4388.977151774388,-6.130276216125526
385,-51066.977513324295,-8.770731506083337
386,-9512.97320368271,35.724860421690906
387,-15397.97708786906,-4.785102542303681
388,59805.02496425151,13.936151782501332
389,-63378.977384506856,-6.921723729150482
390,-28170.9754118568,13.233738705184555
391,-11706.976080320177,5.645930767958412
392,25534.02336301734,-3.0293440189502143
393,-29190.976752345534,-0.5547420731776692
394,48593.02414608537,4.999509732069972
395,17266.025168142456,17.63749765714127
396,-29250.97704674094,-4.838439583730293
397,-27961.977166311273,-5.934929935549758
398,-11443.977506506475,-9.889691787419416
399,7769.023870853194,4.177093894013185
400,-38273.97362456611,30.524849622003426
401,-31413.976284275846,4.362600812090235
402,39931.02452244508,8.919114643491794
403,-49316.977003594126,-2.8618221197007414
404,-40038.97709223935,-4.875149970617258
405,51833.02368050771,-0.5428620114962989
406,-62982.97738641083,-6.631402268106233
407,46833.02249904409,-12.172640649586913
408,55833.02276783725,-9.232625633504792
409,-618.9770502685263,-5.569085473189904
410,121833.02580059235,19.202331584073242
411,9316.024057008455,4.743888574983118
412,-32334.97721895023,-6.977170749915744
413,-63222.97763419564,-8.34438117924406
414,-59789.97699098839,-2.9698855141933977
415,-15558.976609989659,-0.632670098070249
416,-14166.976364524304,2.4927199789858125
417,7464.022665888898,-9.71367623393571
418,61551.022536206794,-15.445597252089314
419,49457.023748052554,0.02870847241296355
420,18701.02240900676,-11.866236890382627
421,6833.022998344234,-4.661396632647061
422,-39372.977739678354,-10.561933790074312
423,-3166.97739987461,-9.117647917790844
424,-18401.97564339239,9.523582790259981
425,-14286.975681996391,8.915367561857977
426,7558.023601847794,1.9382747077383655
427,4427.022046490021,-15.902043944946442
428,-37134.976661436,-0.77888293038415
429,21022.025714957534,23.57533058756652
430,2768.022877153372,-7.494589736534015
431,-5814.975969959923,5.129605995535669
432,-39342.975260900384,14.529315126286885
433,6421.02368054573,0.010061445274830588
434,-50298.97690665208,-2.0598720889718427
435,3833.023253710285,-3.0965560411837374
436,-21846.977630642887,-11.677741132586121
437,60737.02232054518,-15.706545832473344
438,-58434.97719971897,-4.942870271243206
439,-4566.977376768922,-9.238355791872582
440,-2730.9759824090816,6.409455380713062
441,-67816.97720530741,-5.547374246146733
442,-40410.976250861946,5.000305235922875
443,-8166.97786243976,-13.64493447216073
444,-31698.977115136062,-3.9218250200780536
445,138833.02593088048,20.711958191279603
446,-10578.977378786374,-8.892827900072136
447,6484.024303757301,7.602721645102143
448,-7854.974734736018,18.845748649323305
449,-57695.97735699424,-6.687618242690435
450,-26610.97534356944,13.74127489687765
451,8597.022689528956,-8.928070600848049
452,63833.02612624983,24.93597564816157
453,152833.02198466213,-23.35184013325175
454,45101.02297748826,-7.415783200023489
455,-58374.97730979984,-5.406875523241432
456,28013.023257102024,-3.9964753380863214
457,6484.022394098137,-12.826342448557437
458,6484.023107643178,-3.795017397600714
459,75583.02420843151,4.397063146811912
460,51833.02411358271,3.920866754129219
461,-43746.977088147396,-3.684045856077581
462,22419.02600695852,26.61385596948541
463,61833.02316820816,-5.498017784003298
464,-48210.976078908134,7.092391786626013
465,-10578.976847017922,-3.68226821972884
466,-49866.97697056912,-2.993295550178037
467,-21633.976687798317,0.16494305005646095
468,-52602.977493338556,-8.231248516704158
469,-14117.977490614128,-9.282604217052109
470,-19522.975076921743,16.70307826533767
471,48750.025217073635,16.161459724419387
472,54833.02302953411,-6.598929839167426
473,-51462.977441861905,-7.968046059218886
474,141833.02292254078,-13.319881241548712
475,-6798.976368271227,1.5365206450967257
476,1478.022929582293,-6.553817859358563
477,11816.022579250312,-9.292157325355957
478,15015.022863563323,-7.7547362501855694
479,-23370.97586369213,7.83057427140331
480,119259.02404265791,1.5290348104737348
481,-54954.97720108947,-4.192658563288633
482,6484.023602758587,0.6019478930221132
483,-29190.977278857004,-6.504566587939266
484,-14844.977354930228,-8.229389687897795
485,-31722.97430324484,25.099703824730774
486,-30332.977791056117,-12.796973393631077
487,-51412.97694601849,-2.167417882136234
488,-39306.97675605521,-0.5131603506947156
489,-25703.977301209263,-7.681996083609011
490,12761.023382676518,-1.5478098615905334
491,-12708.976767644659,-3.3728036305250044
492,70589.02308776863,-8.178686691006652
493,-13711.975186371368,14.926487288410087
494,-27210.97658301591,0.4817167023906012
495,83096.02411328827,3.0394507705101272
496,-1450.9757557010828,8.26210703505415
497,46833.024503306726,6.827372579205082
498,-33138.97728794263,-6.089629340487599
499,-55098.976949219476,-1.5068470037312574
500,16833.02232803082,-12.13821788727502
501,-49590.9768868225,-0.848570971232019
502,-47382.977116547736,-4.564336125413707
503,-60187.97709140481,-3.1934554014816046
504,-13326.976099358382,4.9321312474634516
505,-63138.97640147636,4.11595541431904
506,45280.02511201353,15.867298982136303
507,-63138.97721995639,-4.126801296535934
508,-55269.97680417458,-1.278754984629758
509,-44730.97745820557,-8.452671413677683
510,22480.022988373366,-7.088009430284905
511,-59790.97750851555,-8.714038251815108
512,72360.02597055025,22.828571331286625
513,-65658.9776099641,-8.050190362274401
514,2213.0240680888805,4.99125171509678
515,-16977.97757890504,-11.35535348149537
516,66833.02431094955,4.7565367043990205
517,-68165.97516294297,18.30810626685635
518,-66462.97746890863,-6.704664149256193
519,7073.023365777978,-2.2623087661461256
520,56833.024235526056,5.3476402952461415
521,-60954.977233305915,-5.597914191860285
522,111833.02551658728,17.43731336445152
523,-25509.97734697547,-7.934767791087054
524,6833.022990756616,-6.467628877161371
525,-48726.97735933084,-7.8340566087055
526,12701.02490523375,14.584099360333106
527,-33615.97673690944,-1.4125084464171944
528,-35737.9768217564,-2.257624282485757
529,81833.02624636366,24.921368738508235
530,-8037.976773302924,-2.9663847233607807
531,36833.022402858376,-12.772616585867686
532,-26281.976030313373,6.928697071376265
533,-62022.97746193338,-7.4905891662810085
534,-61926.97727122254,-5.459424220400355
535,-49458.97733098185,-6.556974766566627
536,44908.02325011889,-6.043066667969038
537,49141.02290152841,-8.420672544705212
538,121833.0228661921,-14.262339040291058
539,41704.02460286021,9.926431655669813
540,-17910.97552199885,12.032311085024265
541,-14418.976918476765,-2.840304131384444
542,132881.0218767626,-23.803647791384794
543,21833.02210516101,-15.779544118163022
544,-22770.97734287106,-7.183645871509547
545,-26202.977423000506,-8.513151411459479
546,-933.9772897851144,-8.054543437363861
547,-39366.976711695665,0.12626533807106505
548,4231.022629474077,-9.165940024629467
549,-33570.97648447983,2.28435314910728
550,11833.023319297132,-2.676636313188608
551,-61434.9772235271,-4.348639094179649
552,-564.9757701448235,7.756558865969692
553,-980.9761649966948,2.974150072807048
554,-40674.977311553535,-6.344867882388697
555,-11645.977787770355,-14.275129333694718
556,2926.024278109936,8.657141051022517
557,96833.02333254874,-5.50125906084298
558,-57570.977148790465,-4.656468984073395
559,-22770.97685307362,-2.2518745641235554
560,9518.02419250579,6.089192023404997
561,10745.023698104298,2.357741730445999
562,-23376.97698399007,-3.5319889165575593
563,71833.02452342042,8.548078671495869
564,-9512.976666019213,-1.3562570896203796
565,3284.0234419223616,-0.9477373949033965
566,-22765.977208377175,-5.771578613865972
567,111833.02250471941,-15.768652129794633
568,4884.0239268192445,4.094760367196237
569,-22566.97642173776,1.9572444000439537
570,-27210.97733489261,-8.239695267742901
571,24325.02348628805,-1.324250677242968
572,-50166.97599600911,5.64517930032762
573,-3462.9757812263238,6.822262105835034
574,11833.023205065429,-3.5800402898515236
575,-26658.97688772013,-3.6355252710476926
576,-23376.97727319209,-7.880793654991216
577,-52950.97691257385,-1.8181738704804145
578,-57174.97620297427,5.0216072748783995
579,-4472.977338070206,-8.298628630172376
580,-21633.97670982845,-1.201714026307753
581,36905.025581744,20.567610682337516
582,-55785.97630989623,4.965171334574517
583,12907.024063812338,6.287693663356112
584,31833.025026475258,15.24382389857784
585,91833.02202038304,-18.765023579914278
586,-3536.9753408122815,11.934837472532903
587,-36990.97739363244,-7.514649533983946
588,-1145.9773212110708,-8.69609625341048
589,-40830.97742292706,-8.053095077031946
590,81833.02305256335,-9.155809007743178
591,-56526.97737216811,-7.931233405573635
592,26477.022581174362,-10.732333051270224
593,-24654.977396879924,-7.575061418668914
594,-43422.9765921553,-0.2959504360564062
595,-11443.977637814893,-11.29390391207801
596,-22790.975761219554,8.699717128439262
597,-34906.977518420215,-11.026258827162886
598,-62502.9768544798,0.3848517116192564
599,56833.02397801549,3.064206522676794
600,-11766.97611039868,4.4284281566849595
601,61833.02318808764,-6.47450087977924
602,29121.024883601065,12.55923689448688
603,-63426.97686324103,-0.9079056433795438
604,-8166.975294405433,13.226922313724835
605,-30332.976799131487,-1.866162456430734
606,-22098.9771938097,-5.829059424831546
607,100433.0221743804,-17.85188657489309
608,61833.023884441835,2.230621681697756
609,-58938.977361662604,-7.707388374363377
610,-16974.97690312056,-4.653063881737021
611,-22770.977150621668,-6.401264580285686
612,121833.0229456536,-11.707133571939794
613,98857.02487959134,10.550093889453658
614,-40061.97676412683,-1.911195211277076
615,-65658.97737292608,-8.363423049561412
616,-20340.977022507188,-3.6886651006591826
617,-61938.97725594514,-5.386032513171882
618,60833.02589531114,22.1594906859958
619,-8166.973743202748,29.80309938682327
620,22480.02320950028,-3.812521407632212
621,-54606.97723194288,-5.041588425883516
622,-20096.97668210251,-1.2655992426361928
623,42833.0231601999,-4.770557984217059
624,-35790.97614290673,4.477558363981373
625,149833.02311705056,-10.984143944766743
626,-11491.977321933477,-7.793272193849391
627,126359.02201268691,-20.429011312374442
628,-65763.97720815074,-5.8694589980129415
629,15345.023002096383,-6.432369476339578
630,-3307.976563805037,-0.7871124099723052
631,-6166.975511725892,11.582433881130594
632,-57822.977447542806,-6.4715452043244435
633,81791.02460852053,7.45437712407812
634,-42570.97460006909,21.71813245418584
635,-30846.97726358369,-7.1324232589925485
636,22419.02600695852,26.61385596948541
637,-32022.97750218142,-9.496057468580272
638,-56166.97681567202,-0.9407150460173862
639,131833.02208665144,-21.502641670208433
640,-7182.976900585775,-3.3566016849455305
641,-25302.97681415446,-2.807788192031818
642,-40243.97722683183,-5.8678221640679435
643,-47694.97647358229,2.140413629939208
644,17148.023093365256,-6.674581542270377
645,-11550.974533640165,21.68571362656006
646,20777.02475626895,13.441971750770085
647,41833.0231977582,-5.256943819996454
648,15833.022954508464,-7.76771753662738
649,8801.023779300882,2.5627097133084793
650,15852.024042901296,5.306043081124899
651,127043.02244581576,-16.653464982771727
652,-52602.977749090205,-10.070263966961333
653,40833.02467489822,10.823124016927535
654,-16278.976413082662,1.8289916342031778
655,44337.02359582319,-0.8773403250803672
656,-11955.976850146973,-3.758310766126301
657,-24066.97666052912,-0.5940652716652858
658,-27642.97647252746,-0.0033863743834259543
659,9664.02418640116,7.467307341528226
660,91833.02465565052,8.88828613468748
661,-10268.97718009278,-6.025288520335274
662,-19314.974621508572,21.135598791742453
663,17148.023343785004,-3.603044048818342
664,-40014.97577537235,10.177815935303887
665,-11009.976697798114,-1.232743151887224
666,-16278.975680171747,9.463309280924882
667,-61614.97763361614,-8.618906332914888
668,85.0247995228181,14.866203880004708
669,-688.9757200922419,9.253328149390445
670,-2550.9764426868906,1.6072796209416083
671,-18727.97737054905,-7.36149837773728
672,-26575.97670404356,-1.2224466605404896
673,-64942.97754398886,-7.278686106975292
674,-1166.9776848099943,-13.511925984279094
675,-62502.97707397801,-2.45186519809064
676,2213.0240680888805,4.99125171509678
677,21833.023541851497,-0.20581370319189266
678,83096.02255915396,-13.618506525458713
679,-57234.97747136734,-6.7918060462741785
680,-51954.97768967038,-8.929374311023404
681,-54558.97601276247,8.376656919657773
682,147382.02414243118,0.1207567150833421
683,-12390.974066988876,26.39307559852003
684,16149.023894514356,2.3743099504839007
685,-28166.977352052425,-8.091695365254058
686,-32166.97735260802,-7.069007782579205
687,-17360.975680339983,9.718817033890069
688,29438.023619604308,0.9042497914952876
689,21833.022957465004,-6.79968364197492
690,-28068.976697265243,-0.024751214461710438
691,22315.025625218674,21.892703584997545
692,75833.02240885081,-15.431360907964102
693,91833.02322932331,-6.899718637954124
694,11609.023816908937,3.4585590632924723
695,-68143.9772595346,-5.959788935210423
696,-14844.976594528322,-0.03446457784592885
697,-9512.97791058466,-14.869564588390924
698,131833.0223747965,-18.511243501257507
699,-5666.977305944665,-8.308381586648528
700,-33262.97653673067,1.0740435284972294
701,-34914.975766132986,9.122905911382915
702,91833.02413394993,2.950940354948176
703,-50070.97767015572,-9.624227682330046
704,1637.0241323838707,6.432682956629905
705,-26658.976975149963,-3.167864818627003
706,-62166.97728190967,-4.918983379566388
707,-13778.976988428598,-4.062308472630561
708,9833.022955406588,-6.762941780259551
709,1151.0228206037355,-9.899469569612753
710,-30474.975560123916,11.412467857992338
711,-30841.977307248937,-7.034678854614183
712,-42222.97383940008,29.557848955489273
713,-29142.97734288433,-7.079440469781942
714,12907.024243617454,7.936435920392589
715,37833.02258014104,-12.293136195579214
716,-22925.977649693632,-11.123396009148218
717,-33806.97528484734,15.020601818208739
718,-3879.9766576909105,-0.7972744569019135
719,111833.02296054133,-11.246554839045348
720,-67770.9773039858,-5.548775821740793
721,51833.022953621636,-8.10008364856573
722,-52686.97703954488,-3.631753227672557
723,66833.02332054579,-5.589431445029213
724,23716.02329703513,-4.566170679877111
725,61833.024579185454,8.30171217469021
726,-3618.9764773225293,1.0850164131372426
727,-63366.976039195215,5.283473697434586
728,-51246.9771739081,-5.638296393469723
729,-51414.97620287363,5.696558360317759
730,106833.02581382566,18.17333223850735
731,-3536.975324873359,12.900125120769527
732,40961.023452579386,-1.2655552375510861
733,-30332.975691678406,8.008807318192236
734,-56946.97735993854,-6.500330233190308
735,66298.02288420868,-10.314257009337796
736,26063.025494631132,21.180379902559437
737,-3618.976998691119,-5.927656473900028
738,-54174.97677208318,-0.36406726677249135
739,-23376.97348168198,33.187546550732044
740,-4182.977354737648,-8.070747917118283
741,-58502.97699481111,-3.412237773151805
742,-55269.97718064125,-4.15484554191325
743,24833.02406497041,5.343802515904616
744,32833.02421857943,6.398413901696544
745,131833.02288909812,-11.387005096612903
746,28592.023625348695,1.2981627909811826
747,-12666.976897081771,-3.1895736500889127
748,-68127.97676744078,1.5651468292453565
749,33145.02472301956,12.631872068793664
750,131833.0272914613,35.15307810390706
751,42833.02406226847,3.7238244593448053
752,-22510.977309343732,-7.7810618004995575
753,-57786.97666993133,0.8152601503795492
754,-32166.976676843013,-0.04111193076919115
755,6617.022570130291,-9.231369060996624
756,9058.024063007686,6.386868083177668
757,61551.02409950399,1.360366174764509
758,-16279.97745884399,-9.232633445550322
759,-26166.97745521121,-8.665208061128881
760,16145.02302969207,-5.101948979077475
761,126833.02350506972,-8.676755982641586
762,-63726.97762205083,-8.492862734563728
763,-28590.977430204777,-9.62633521070851
764,-18234.977061499998,-5.4331691383255905
765,-972.9774041551057,-9.053728321544469
766,41139.02705500287,36.37178917225302
767,-618.9763092423078,3.367259377832738
768,-11443.977506506475,-9.889691787419416
769,61833.02219726158,-16.745263663042223
770,-52770.97681288159,-1.410960368307378
771,-66930.97736128731,-8.376932043229404
772,-33810.97696495058,-4.4311168935472445
773,31833.02191880436,-18.2456782972564
774,-54330.97657242596,1.561343129710674
775,23833.024068571736,5.454540692194354
776,11816.022322281395,-13.819318522545402
777,-21402.975839864306,8.688216433735839
778,-65586.97753348175,-7.3463168985877765
779,-27210.977132886783,-5.993371116100106
780,-26804.974245515623,26.195186156413484
781,1151.022637613561,-9.147634621849187
782,-4182.975803444326,7.339130749520699
783,-16279.976730455579,-2.0973670494146264
784,-19300.976433371045,2.2642676121801575
785,-40386.976233911955,3.089989708693591
786,-56838.97754975506,-8.873339905359089
787,16149.025532140431,21.19670205513056
788,-21275.976989170846,-4.427181946677018
789,-61866.97731751768,-5.027682380208935
790,-43422.97682854537,-0.9098499206368745
791,-37926.975176159285,15.852814783302918
792,-22925.97750669317,-9.326408553027893
793,-30666.97646899417,1.475819729967033
794,-64038.97752082199,-7.810215544329187
795,7502.022479888472,-10.482945791890213
796,41333.02366273539,1.0780625449485854
797,-29242.977790284287,-11.351112352568215
798,81833.02422581891,3.0484916854378046
799,101446.02612053898,23.15188842968284
800,-60166.97726947622,-4.836799292082394
801,-35178.976484148494,2.469585710469902
802,61833.02440921955,7.536229568641321
803,-57695.977374778675,-7.695347621596225
804,-35454.977434324435,-8.488054461875077
805,18686.024019469143,5.4891844747820295
806,-2166.977394455512,-10.568159996649747
807,-48414.97611716396,5.08610265130767
808,71833.02690862647,33.110116457133266
809,-31062.976224054626,4.641231565343108
810,-7631.977213213807,-7.214045474932226
811,-37758.97578786807,8.97891287331377
812,-42186.977348707806,-7.492548796582946
813,-55374.97717353378,-6.5899999463232914
814,-19522.976628560627,0.40163338846286406
815,60713.022859651566,-10.021095848055959
816,-22308.976691888718,-1.7468762787002927
817,-30774.974983171418,18.309156917890768
818,-56202.976406378824,4.6796662154698225
819,-41192.97723706434,-5.174347838234672
820,-30467.97296847634,39.584876810057885
821,-64746.97662390075,2.2096964772611587
822,-22770.976970852753,-5.829292818191192
823,-63138.97742181555,-6.374869748155104
824,86833.0230036815,-9.172198751262153
825,35241.02679161368,33.95691450524515
826,35241.02445869154,8.498580224294013
827,-47550.977171885905,-4.239405587700427
828,-32166.976707619157,0.14314840630373118
829,-66593.9769546011,-9.913458160878152
830,-61806.976657565036,2.25118357467232
831,39931.02470358321,11.535957978536032
832,-44148.97740237691,-7.876725574076306
833,12833.022477468134,-11.601460501276113
834,25937.02377422196,1.851829989123364
835,-1338.9764509896447,-0.3301153510215224
836,12173.022927237022,-6.32863624479574
837,48750.02400093626,3.767663250589307
838,-26658.97677905358,-1.594067555943853
839,39931.02373924023,-0.49873309816691674
840,340.02578215760036,23.892383494925664
841,33145.02702891165,36.88074420927747
842,-46566.97618064899,5.221536011381527
843,9917.022590273958,-9.839667801211265
844,-29250.976328595472,2.4955705562889055
845,-4180.976700616889,-1.9870685318293375
846,-63546.977411058564,-6.131426442116968
847,91833.02600862883,23.006167869050174
848,66833.02594465582,22.891184673800762
849,11833.022878608119,-9.367780155006173
850,131833.02397563076,-1.0863166833830575
851,126833.02380710653,-3.916571497376168
852,-6313.976635031272,-1.4183718626134805
853,131833.02286747127,-12.387222106080891
854,-11645.974188399301,26.064913822367533
855,-53113.97707192587,-6.662562753751299
856,-30030.975283674517,14.672846772759046
857,-58950.97742319515,-7.012426205512099
858,116833.02345652103,-7.950858835406448
859,51833.02280090342,-12.432852472450216
860,-3307.976715388354,-4.515661621458658
861,-26027.97673865938,-1.950061692247962
862,34526.023623004185,0.2897053596975255
863,1833.022308533837,-12.918587395516626
864,46833.02256977403,-11.655856460436448
865,-43302.977452242165,-7.516183959004398
866,21833.023521612806,-1.4533802950776749
867,-5288.977678423827,-11.606163416723023
868,-55242.97670267985,-0.03953812562804176
869,-44814.977596027275,-10.120780712862727
870,-16462.977009798222,-4.139683413620249
871,-14406.97793015971,-15.040916441944656
872,103833.0235008727,-5.245013107575443
873,54569.02368488218,0.26087826388561797
874,-52602.97650108809,2.3707459827097046
875,-12366.975767977969,8.425716873825316
876,-3307.976472431893,0.9228532171687376
877,17921.022626606977,-9.810638286214655
878,-58114.977180207134,-6.944354523170916
879,-63138.97710385909,-4.126993088773713
880,15852.022965725551,-5.9764081609670905
881,-55182.97698428986,-2.1841285968777666
882,-46170.9767394546,-0.2730835298889215
883,54413.02436985185,6.776764794946003
884,-26548.97730188499,-6.883988981434044
885,13096.025444330551,19.582423761677457
886,33665.0227215427,-9.720572598139093
887,-64302.9772361497,-6.949077579183999
888,-35406.97649281875,-2.2881050781335324
889,-35922.974591409715,22.099542017685252
890,3041.0226995554553,-8.83183300526585
891,-42222.97777953014,-11.058955102993165
892,-26566.977518242955,-10.12979716996994
893,-16278.976644040209,-1.253343155381432
894,-40746.976565658224,-0.5271368614570107
895,55333.02313350401,-6.450268857128309
896,14681.022779729454,-8.23313584992567
897,19251.023031403,-6.65004831555011
898,-42378.97693426864,-2.5231928516608018
899,-62310.97752610086,-8.038440234057054
900,29121.023624564663,-1.0442820916224473
901,44908.02230156165,-13.699605782982022
902,84461.02376539727,-1.1204758497501555
903,131833.02288816508,-13.706608865786267
904,-45522.97724679828,-6.262658230594218
905,49731.02299725749,-8.151222645500754
906,-33366.976558092414,0.4667365021528913
907,71833.02623108654,25.819517967764494
908,9833.022738630352,-8.349478149776909
909,-56559.97735456579,-6.591625032484207
910,8622.02357931873,0.7777168446462902
911,-55902.977152494015,-3.469378878373564
912,-13686.977202245489,-6.397318690970558
913,4565.02288293401,-6.261115514514412
914,-41759.977129990584,-4.6213841645345095
915,14687.023144699133,-3.0825804209538865
916,-13245.976991061925,-5.11508282743469
917,128833.02447093921,4.249521585676438
918,22315.022467993604,-11.750291850930019
919,1833.0238875949658,3.1920222875801034
920,56833.02337000631,-3.13374266966959
921,9683.022505195513,-11.260383925066748
922,26833.022517873793,-11.076576755213663
923,-4929.977213282504,-7.657643746108096
924,66833.02469363343,10.163578072717888
925,46833.022627149374,-11.631862174932476
926,21509.0223248054,-14.157035134792821
927,-52689.97752116245,-8.435588705302038
928,-14844.976760809535,-2.082284053804086
929,-28166.97611216229,5.670815852418323
930,151833.02423160512,0.8399418006429712
931,-27198.97574506249,10.105534991355707
932,-53622.97694443936,-2.512903955458835
933,115925.0229167269,-11.85075559187513
934,111833.02511110766,12.069588900268078
935,38477.02336925312,-3.2416298644733312
936,116833.02372732686,-2.605880809069116
937,9665.025205743672,18.207190280211183
938,-12566.977801065088,-13.609847611006938
939,26063.02328027798,-4.37769458474131
940,-39792.977109041014,-4.314369411247146
941,-41238.977285957975,-7.000044978432878
942,-60690.97775873378,-10.307971391463635
943,30833.023361067924,-1.921196899902852
944,15069.023734707087,1.6495175193647986
945,-20022.977336228443,-7.685148225899009
946,145624.02457446378,4.641099921475663
947,17837.024365006437,8.692025114674044
948,9989.023698588635,0.8544956461990455
949,-56250.97520356248,16.372929482913776
950,-60966.97716122238,-3.8915682255019433
951,13833.02259756949,-9.926978437559361
952,62833.023651819894,-1.5568789153643106
953,-47226.97674462561,-0.3068987190593027
954,17837.024365006437,8.692025114674044
955,-38334.97685903824,-2.5147515785026933
956,-38346.97633486485,3.775288289605579
957,86962.02472405307,7.320007147841501
958,-58842.977427516635,-6.958750595493999
959,-1926.9759968438093,4.964036313037959
960,-62598.97711789734,-2.651784305007628
961,-26541.975124570734,16.312687609471006
962,-66491.977417487,-5.539623875539023
963,-19604.977071939524,-4.325070603855573
964,86833.02406798584,2.8793150751544383
965,21833.022304138787,-13.86861126101186
966,-65046.9738525255,31.88550549207072
967,18311.024512109005,9.402881078319531
968,68141.02261964914,-12.093151148726967
969,41833.02345877143,-2.4526791490200424
970,51833.022555698626,-12.247277200701792
971,-39894.97737491802,-7.051373355267969
972,71833.02280112192,-10.856085105250843
973,23833.022177607832,-14.056086614867644
974,-55242.9769414137,-1.9717896181068584
975,86833.02304434762,-12.118366671524647
976,-61098.97703352174,-4.00068959005892
977,145120.02511967704,11.312451387626904
978,13266.022694652,-8.48140120438305
979,-49590.97707516638,-3.93771968572065
980,-19074.97751783236,-10.070410685434663
981,-24885.97701973296,-4.348716528818853
982,-31791.97737331756,-7.112389088313055
983,-35024.97686283513,-2.668025256409179
984,64833.0230157578,-7.945170903980557
985,1833.0248059169464,14.118313002976883
986,-23070.977065969884,-4.207244049839176
987,24017.02245379778,-11.42813802186554
988,131833.02273983468,-13.528060614792697
989,581.0256752861101,23.346137763273035
990,34334.023877151565,2.6047757442397947
991,-14844.977497612705,-9.769578384776496
992,-13231.976632275479,-2.2429671866778196
993,-53070.97711484751,-3.979599474885055
994,-63558.97764633971,-9.713443125392264
995,27812.024118877933,5.91731920481519
996,-44166.97739859408,-7.937009310655734
997,141833.0232159663,-11.021045167138197
998,17833.023273582752,-2.5861557019318706
999,-23766.976102161923,5.659670281078707
1000,-44166.97633411057,3.787432377950743
1001,48166.024389432736,6.461226791748964
1002,39933.02368763791,-0.6976837551420919
1003,53351.02450022488,7.4298757613865
1004,-53766.97684327988,-0.9110676112670121
1005,-29250.977405694604,-8.621053225722946
1006,-21426.977495888274,-10.044973804149238
1007,-65653.97745254288,-6.693242098000714
1008,-24870.97703469759,-4.7512030880517315
1009,-28722.97743770443,-7.500417799233412
1010,61833.02268783551,-10.555128467637871
1011,12907.02298077653,-7.2608382482267295
1012,-44166.97690402241,-1.8123169370910879
1013,-11443.977742019066,-13.145749989756299
1014,-53550.97619363044,6.219759510426515
1015,4842.022482168358,-10.112847719945734
1016,2109.0272315194584,40.91979519568246
1017,-22770.977207697542,-7.17525813525388
1018,-48442.97669086882,-1.02628851862519
1019,51833.02494078069,13.775146980999546
1020,-42090.97538812122,13.83459960678274
1021,-57450.97756103685,-8.555845439132291
1022,66833.02190356136,-19.894474143512173
1023,51833.02494078069,13.775146980999546
1024,-2696.9758266066046,7.708656175263594
1025,11833.022258926674,-15.372531870899877
1026,-60258.97694838054,-1.9720054059458003
1027,-50814.97559859543,12.25483182831151
1028,-55122.97660538643,2.205715901648005
1029,35252.02398992066,3.5029641945582886
1030,-22146.976790023935,-1.4780495186269829
1031,-65010.97722091545,-5.489031363515651
1032,16833.024611821416,10.92499763982538
1033,53812.02309040075,-7.4114736650385025
1034,-24166.977856569752,-12.730477897592873
1035,58894.024377292364,5.9150171050647105
1036,-16974.976937040155,-2.7655847554094377
1037,2218.023428486391,-0.6234537366319371
1038,66833.02307820879,-7.0336138963465675
1039,-64818.97730707286,-5.690918418297881
1040,-56298.97750608722,-8.028638722595568
1041,45280.02265943265,-10.932731917442183
1042,-62178.97740128672,-6.8419938507297635
1043,38626.02335823233,-4.117596297015384
1044,-15438.976574502265,0.13682460597282808
1045,16937.022713552095,-9.977801608559462
1046,132183.02442172106,4.186584567931775
1047,1151.0228074002948,-8.055079877990188
1048,-57848.97756333363,-8.128138493214365
1049,126833.02269554653,-13.566598072405826
1050,-60219.977417521346,-6.896401291306953
1051,121833.02417646488,0.40767388825151557
1052,-16974.977359168253,-7.190635330302859
1053,-61470.977535678845,-8.311911730818231
1054,-24442.9772762653,-6.3223408926229165
1055,-17910.976806572082,-2.1961848646665785
1056,45629.02315694168,-5.1339006760813675
1057,-48061.97620701444,5.61065323394724
1058,-4180.976287928414,1.0172533225703047
1059,-40243.97707662638,-4.127958373105796
1060,31833.02229896182,-16.764025439285767
1061,-22765.976783357783,-1.4864038177215069
1062,-36546.976908402285,-2.5368486060204694
1063,-6550.977373582282,-8.994692245563469
1064,15345.025258880323,18.043864891091538
1065,-46998.97704491698,-4.47986349414799
1066,-49290.974924987335,20.337702923547926
1067,-54204.97723336795,-5.407712368871705
1068,935.0231611821861,-2.788737923700043
1069,12761.023524072176,0.03143339687256347
1070,-38730.9760492518,6.5600709871062755
1071,-49290.97718582384,-5.0240581092101
1072,12882.023225244116,-3.897667936447336
1073,-53308.97675132413,-0.49539558604211287
1074,61092.02331534849,-4.776825018078938
1075,-31413.974469556648,23.51393977823101
1076,-64782.97670662444,0.3019127984872988
1077,-30774.976559446302,1.3630573404760662
1078,-51630.97729891233,-6.667320625401736
1079,-40674.97658600528,0.9773346432601605
1080,-59694.97706146563,-3.4158202967397373
1081,9917.025106566853,16.62158361783765
1082,-45827.97500433938,17.858720531164497
1083,27833.024659782903,10.623280440850523
1084,96833.02270888355,-12.772693821436565
1085,131833.02484222653,8.310827417953941
1086,-11862.97743540853,-9.339926290816145
1087,-58166.97781198229,-11.823950744300452
1088,66833.0232945216,-5.488547366777998
1089,-48708.977534049285,-8.13842136184362
1090,-10246.976986844735,-3.729786286116203
1091,-65718.97705961228,-2.807549432097187
1092,16833.02232371547,-14.994183168642424
1093,-20176.977312662915,-7.400647451581761
1094,-38370.976243736506,4.326415723959666
1095,88882.02310232916,-8.836060594259845
1096,-8166.977436207165,-11.267750650427777
1097,-64278.97734610631,-7.084414022733404
1098,3312.0233554408046,-1.485013013216054
1099,-46974.97712984549,-4.736432731295007
1100,31012.023343652734,-3.673444581286181
1101,51833.02257367627,-12.898745826145701
1102,31833.021878662224,-17.613210267850143
1103,-10434.976090212329,4.259756707215069
1104,26833.023114774584,-5.018450345926446
1105,-61782.97717707613,-5.413701323387799
1106,-39670.977528300005,-10.40162101200428
1107,131833.0214564466,-27.40769232368302
1108,-31842.977326596963,-7.2899117118929935
1109,91833.0252325194,14.006541265273011
1110,51833.02667891936,32.46743970298209
1111,-56442.97762914043,-8.524197755141376
1112,7502.022949690319,-6.546874304745138
1113,-4158.976851768783,-3.9646516616954854
1114,11833.026178289922,27.799929819983525
1115,-59466.97713750435,-4.14511990385429
1116,-40926.97548572583,13.655816162977098
1117,111833.0233072703,-7.835595403912034
1118,16833.022744837217,-8.987856146261295
1119,108833.0250736516,12.17451877363788
1120,44833.02249745616,-12.952841533571025
1121,-46170.97574748342,9.000273702938092
1122,116833.02295011021,-12.209369414358116
1123,340.0259230432422,27.087610617813297
1124,-40410.976838277726,-1.5081307765603593
1125,-14046.976131000352,0.6525170973338673
1126,36833.024619609445,11.043986396734866
1127,-40243.97538921786,13.553725646536684
1128,57377.02287761458,-11.687705923227272
1129,-11550.976621348025,-1.1361881152830808
1130,-32166.97700291973,-4.074099710062498
1131,-8022.977186658117,-6.702420181355886
1132,-57306.977189406854,-4.975275966825552
1133,-50718.97666770654,1.2393236822150453
1134,55145.0234621824,-2.7227463463145005
1135,39931.02505402031,15.788872328184787
1136,96833.02210553865,-19.590829818892182
1137,7502.024100235161,6.675828358254065
1138,121833.0253933499,13.845892019897185
1139,-62970.97710441162,-4.469656422787526
1140,-1074.976361734861,1.9697685605900854
1141,39931.022966532066,-8.271044586330317
1142,92176.02582760039,20.361652086764156
1143,-40674.97595847381,7.06652963476729
1144,45594.02308283517,-6.182053911573728
1145,-45670.977118549665,-4.782756782631119
1146,-1514.9737778095569,29.572373342280898
1147,141833.02339500442,-7.808658987263666
1148,-55374.97423488791,27.868008215607325
1149,4333.022321216196,-13.277735915700712
1150,-61698.97693701229,-1.2437612492450032
1151,25168.023269837846,-3.0544642638364516
1152,-37899.97533981842,14.624453389438814
1153,-18222.97440856919,23.607912677683238
1154,-3415.975899953803,7.426606932656024
1155,152224.02457941123,4.125635357900469
1156,-5346.976173443156,4.481113793264547
1157,-53922.97536104471,13.74735382460539
1158,-29778.97647528853,1.7883393594759731
1159,31121.022643855846,-11.916445344305581
1160,-38166.97702539377,-2.683286611675622
1161,-25509.976564580826,0.3364592810705776
1162,-9527.975610192383,10.518753361623434
1163,9665.025160068242,17.99035612914084
1164,20833.02222738263,-14.677717864022837
1165,-4180.976337141905,2.081011741432865
1166,-18258.9769286486,-5.027623850312327
1167,1983.0223822695853,-11.241049655567382
1168,38728.0235795276,-0.6116929014074893
1169,18149.02294111118,-6.863663031547476
1170,11833.024623323525,11.913092918081302
1171,-5848.976578527847,0.17348586021637152
1172,31833.02255768103,-12.23444896373193
1173,30635.022300461285,-15.258765273168551
1174,78905.0222833711,-15.781708096719381
1175,-46998.97629140824,4.775494709815155
1176,-12078.976439325957,1.1422382535392277
1177,45067.02451017142,8.245470058500135
1178,-25449.976581035804,0.8730316820031397
1179,3683.02417958858,6.94062075808885
1180,51833.02342434284,-3.176891869673185
1181,-52242.977726582074,-10.252289080515563
1182,46833.02753168591,41.91441629499399
1183,-8862.976782148517,-3.79758875810665
1184,21833.02282519554,-7.859247802727698
1185,-19047.975891372083,8.284682681244094
1186,29438.022773390203,-8.150981154334715
1187,111833.0226961742,-14.05739436672692
1188,47633.024075759786,3.6128303611391352
1189,-55698.97715551958,-4.4989677399065995
1190,6293.023617238404,1.1089749019236466
1191,101833.02233322103,-17.05949327886445
1192,-9999.976924878752,-4.440653690387667
1193,-11670.976357739764,1.0833126686936538
1194,18686.02478084485,12.428160975179933
1195,32825.02358296868,-0.778481236880596
1196,84833.02326420916,-6.218587514037973
1197,17441.023848987952,3.6369302247227444
1198,-10578.977039538757,-6.378901974567655
1199,9833.02227703573,-13.06883525624524
1200,51190.02313394367,-7.400580338892265
1201,-53250.97754182551,-8.001334115370401
1202,-50874.977290380426,-5.0143241102934315
1203,36905.02271433839,-9.21978052537897
1204,-62966.97748738025,-7.1951847523348
1205,-63266.977595672346,-8.65021085153774
1206,81833.02340012895,-4.177046071431049
1207,-41782.97706257947,-3.4583846474176334
1208,22026.02454991589,9.821683959215283
1209,-57870.9773930927,-7.687686320710818
1210,-29474.976966377515,-3.4969724264933126
1211,4565.022886752553,-5.999486198543999
1212,-166.9777120928259,-13.549611730216947
1213,-31973.976936568386,-2.9290441057734133
1214,101833.02367372252,-2.2481119372286993
1215,87833.02322276056,-6.382343795068724
1216,-48966.97742051417,-7.045917280747194
1217,-1450.9757557010828,8.26210703505415
1218,-39486.97532920178,14.709780288833231
1219,131833.0219816803,-21.79084382504867
1220,-13960.976245032443,4.4739035876091116
1221,-44166.97597091984,7.486970673454045
1222,1151.0245555161573,11.574914347429115
1223,51833.02387876869,2.6763593968953105
1224,-51103.97750132445,-8.376266699243587
1225,-41766.97761971715,-10.463448873607197
1226,-29774.97744269965,-9.19380221171072
1227,116833.02498591263,9.410457851235368
1228,50741.02464011615,10.125382769272704
1229,-44166.97699419194,-2.1666202947257576
1230,87833.02233522838,-16.160411370112527
1231,935.0237520869823,3.406234706137674
1232,-13672.977529660953,-10.76458175274142
1233,64116.02377162084,-0.4672507869802297
1234,41833.02344739737,-2.5886557212401553
1235,-19522.977243990983,-7.018319540459782
1236,-29250.977519723638,-8.361647395879151
1237,81833.02526437466,15.127428523916734
1238,47833.02298209189,-7.264071681328192
1239,-30234.976810288554,-2.083251571647865
1240,-42186.977162285504,-4.6643584196767005
1241,-57848.977634674884,-8.898232841653718
1242,-60642.977393077505,-6.583447442163182
1243,18311.025059207575,16.01574276469652
1244,16833.022435515122,-11.921720043477931
1245,-62166.97656154929,2.6724964980824555
1246,42089.022987353695,-7.246144407261816
1247,-34662.97588467814,7.745792939785136
1248,-41022.97650710878,2.1867232651750697
1249,-20340.9776704051,-11.23831449489644
1250,-8712.97651737775,0.3567366281615024
1251,-34658.976895742984,-1.5365150404925505
1252,-45354.97676482344,-0.9657709163963749
1253,7502.025064780002,16.995135278181767
1254,-59454.977137703274,-4.144489260749614
1255,-24192.977358451837,-8.579579286308135
1256,106833.0241703823,2.052336882807319
1257,-29346.97644815828,2.893697963197304
1258,-58158.97761392259,-9.189700281761352
1259,-50870.97754576314,-9.537696948099343
1260,-32987.977175899374,-5.308070294015296
1261,-64038.97752082199,-7.810215544329187
1262,51833.023982715065,3.9464364883845424
1263,31833.02280489353,-9.171230626961421
1264,21762.023837723285,3.110268202423725
1265,81833.02300652952,-8.718498883193291
1266,-40674.97602464015,7.7998817424247635
1267,-34518.97657582298,0.3016944173951758
1268,6833.024448243011,10.683627042793695
1269,-36222.976976811406,-2.510888301599403
1270,-10334.976937868327,-3.223478265057998
1271,-51140.975185272604,15.846253921857683
1272,-32310.97512942529,16.1034620157664
1273,96833.02539559301,16.041220529466067
1274,-18401.975293828575,14.92913152423463
1275,-67386.97737892905,-6.029850330628597
1276,6833.022853814287,-7.485229920487276
1277,26063.02409048569,5.2990034211044135
1278,111833.02514861629,12.158765635799831
1279,-53130.9776495903,-9.722696683040295
1280,-9512.975671599175,9.931066266673993
1281,-9999.975118013277,15.165512068176193
1282,-13860.977502463718,-9.514449285819175
1283,-20994.976033727165,5.465401529719377
1284,7769.023721967183,1.4384378635250044
1285,-12966.976574886932,-1.9646743825260085
1286,-2094.9770003429685,-5.528569806070219
1287,69833.02589410704,22.94477655202355
1288,61833.02356812612,-4.990746110945927
1289,8824.023366704261,-2.3165292737614056
1290,-44951.97723713473,-4.921309276500463
1291,-53454.977404472054,-6.308554718742811
1292,-14844.974939678774,18.154392338338827
1293,7217.02545609551,21.297919524723575
1294,-2226.97566829183,9.517341908004434
1295,-24284.977592193725,-9.252798835076392
1296,106833.02237540837,-16.954842021023588
1297,18683.02418192517,6.055270400965393
1298,-30534.977074351264,-4.140087723372028
1299,46833.02263483753,-10.427133352119558
1300,44833.02292542084,-7.7515922335035725
1301,7464.025613597554,23.236628654482928
1302,-36546.97673663006,-0.6043966151241077
1303,-56490.97705153772,-2.836993924643363
1304,-29154.976796407314,-2.851138452549765
1305,-68130.97563060072,13.333799326344025
1306,118900.02477022984,7.435094641661788
1307,1833.0235809750648,0.9223661226415911
1308,31833.02230867168,-13.6426288744935
1309,-11094.975881434655,7.1033925866626575
1310,-65322.97775617828,-9.880775489166517
1311,-54450.97758180557,-8.706862613328825
1312,-33872.97677968268,-1.9284043389547967
1313,2109.0236749971727,2.5430191198703658
1314,26833.02276285285,-9.277626184778649
1315,1833.0223274308669,-12.582935729213066
1316,-23201.975831096523,8.296581965641876
1317,-2703.9771352440844,-6.742962922446597
1318,-15224.977279539768,-7.493631938701972
1319,-29310.977191230355,-6.632274033856545
1320,-25194.977411847743,-8.277621779083272
1321,-36174.97583514733,9.468582017381936
1322,-34434.9772088014,-7.508442751534585
1323,-48066.976519061885,1.6268711257404684
1324,-55600.97700959203,-2.704500291533277
1325,-10182.976398475583,-0.7930920666198137
1326,-35500.977274254445,-7.521303393910903
1327,-39792.977180382244,-5.084463759686495
1328,-48426.97559019159,10.127541175723131
1329,-16278.977752094677,-11.858634462510254
1330,-8034.9779128855835,-14.48830191787572
1331,111833.02313120701,-8.255936768577032
1332,-22770.977024588752,-5.2645856499146415
1333,18311.027351915134,40.451193281543254
1334,-55242.97772346514,-9.778619718661595
1335,141833.02438515905,1.8993540235499757
1336,32655.023535005555,-0.1823308402790506
1337,-68022.97713646942,-3.107283273741813
1338,-33870.97713811166,-4.704706474052577
1339,-6313.976348255008,-2.2308688963373404
1340,7502.0242614328945,6.583332016258516
1341,-30332.976551431642,0.9693840348803557
1342,61833.0253551569,17.246896926018213
1343,91833.02314416769,-8.743342798025278
1344,96833.02494088742,11.116544822409077
1345,-22842.977074279057,-4.754793151408587
1346,-8490.975387124014,13.125886591242814
1347,46833.02508070982,15.830318789446046
1348,-39996.97698517606,-4.02393626403784
1349,-29250.974976375554,18.619099257437433
1350,-33028.9768823278,-2.680101387459424
1351,-38730.97660900236,1.2452655889710373
1352,-60462.97725888119,-4.932566554633206
1353,81833.0218967013,-20.816087413003327
1354,-58674.97732016544,-5.185836624996433
1355,-43952.976074852464,6.9709266510702745
1356,131833.0222802021,-18.897402418540494
1357,76833.02256346896,-12.926322908265256
1358,-47406.97616281768,6.353287368519496
1359,39449.02207317626,-16.852552679945628
1360,-9793.976677607812,-0.46526137970630793
1361,-50016.97728127242,-6.284195992621808
1362,27733.02240222669,-13.211622192352362
1363,-14117.976448372492,1.727580370834007
1364,-13205.976416296737,0.3241169730242472
1365,-36173.9767573309,-0.647592311379339
1366,-31842.97724245724,-6.052609075082652
1367,-25516.97593462971,5.873617589961416
1368,81833.02399324744,2.6962215168277446
1369,-51678.97711750993,-5.759662519669596
1370,-13818.977119695435,-6.79318997428006
1371,26372.024542214214,9.556075434380347
1372,-11955.977045959104,-4.963566051050548
1373,18809.02305204478,-6.159889435978881
1374,-35742.976880317765,-1.6491032839957331
1375,-11862.977054998542,-4.2862096539709205
1376,-34026.97628144767,4.496819004988782
1377,-46170.976855179484,-2.2591618798109536
1378,-42196.97747676542,-8.88751371716693
1379,11833.022455570015,-10.825344174309443
1380,-25509.976742638166,-2.000192214687453
1381,101833.02516714949,12.461535152963314
1382,-9798.976631373005,-1.2291796183697663
1383,-47406.97643048062,2.694902415507059
1384,-8166.971518468886,54.807513889361736
1385,82002.02254772406,-13.188422074681485
1386,19781.023335809616,-3.2569531736587156
1387,41833.02261578355,-13.791812093536048
1388,-4180.976513789646,-1.470476134916649
1389,-66702.97703797286,-2.709707707603013
1390,-16062.977571337078,-11.631365383551946
1391,31833.024029302702,4.680247218084161
1392,-51414.97702503918,-4.142055443909891
1393,-37374.97681898253,-1.3861158267790679
1394,-55194.974448389825,23.20974460026195
1395,-37638.97764750756,-10.067420796487026
1396,-15174.976391539905,1.5104193052862032
1397,-57414.97549993219,13.306205740031032
1398,-29442.976942978283,-3.3017510122321623
1399,151833.02296976143,-14.123399033313486
1400,-11645.977154693152,-6.217733303601559
1401,17213.022237369038,-13.953409326419779
1402,-9798.977898263116,-14.377871812056005
1403,-67691.9768472706,0.20990894559226964
1404,-49734.97657946623,1.2749486984132
1405,-28934.976497815056,-0.28309321117664615
1406,-63138.977536381666,-8.025870171087213
1407,-32166.977460663267,-8.857155338394167
1408,-8490.976658738093,-1.9692712365929972
1409,111833.02586030071,21.133591166829312
1410,18433.025317681353,18.224500992923932
1411,39833.02328761345,-4.494750836896028
1412,-29774.97574810804,10.348499206341275
1413,-1145.9757624438132,7.382397498226013
1414,1205.0246603081678,13.022659152829815
1415,59221.023017136045,-7.739517991350936
1416,-9652.976291231818,2.298042646915676
1417,-16974.976948414216,-2.9015613276295493
1418,-56466.97710551089,-3.604895636673415
1419,-5346.977046325207,-5.533814432250589
1420,25251.023082603435,-7.477537759910078
1421,-58493.97715489914,-4.04848292795148
1422,-55622.9766038385,0.9920100833071448
1423,-67302.97594327465,9.18691933310781
1424,36833.02299279636,-8.151094666578166
1425,-21589.976145233417,5.0285835223430375
1426,-16278.977573341948,-9.862784719818977
1427,-3769.976685867789,-1.6757857547400161
1428,689.0244284674459,10.145719912126609
1429,71833.02598995857,23.95686887546615
1430,20307.02309606253,-4.905043942886156
1431,-48714.97693377627,-2.121957910495181
1432,111833.02203721945,-22.01565061854524
1433,36833.025287075005,16.613843266443084
1434,31833.022748777432,-9.869046925043987
1435,-23766.977388868505,-8.177384030550668
1436,4351.024626215409,12.444968439886214
1437,-20949.977496541425,-9.758009948648153
1438,1349.0224122542354,-11.631947314728656
1439,-12090.977084262553,-6.068804278472019
1440,-40678.97711637687,-4.6951931222507195
1441,-16974.976946870724,-3.2068413624492482
1442,-53574.97684285689,-1.602708133792697
1443,54183.02334083666,-3.8404204960399935
1444,74033.02266550687,-12.196934462098906
1445,-46888.97737120138,-6.608807331150195
1446,-18870.97624620175,2.998423708820164
1447,-16278.977026265564,-5.658819394923564
1448,-57270.977311115654,-4.918886201680282
1449,22315.022624297606,-10.141984682035295
1450,24613.024396705852,9.355601831305059
1451,11833.022362519103,-11.516783126412125
1452,-66966.9774606524,-6.9472032604897604
1453,-61206.97724120228,-4.447980503415724
1454,31833.022267255958,-14.832661194644999
1455,23980.023771054857,1.85425815180333
1456,61553.02397804951,2.3291100359317225
1457,6484.023144908806,-5.090306470195031
1458,-21916.976860092705,-4.580773569598954
1459,27812.022298901844,-13.129164767015178
1460,-28566.976669921412,-0.10151154786044071
1461,50508.02315804462,-5.737368074045339
1462,98333.02260598092,-13.560762485239914
1463,-29774.976218075066,5.40737399046673
1464,29121.02675268111,33.36607216917377
1465,-44898.97395517978,29.6145811163552
1466,-54918.977076022384,-3.992356653717281
1467,-14844.973917243662,28.904789149305298
1468,13040.024309954524,8.6623316788557
1469,111833.024248819,2.919986888758531
1470,14297.02383618919,2.3724396113165023
1471,-19522.97682910043,-2.2108174625744423
1472,35833.0225556493,-11.528336141876613
1473,16833.022656202567,-10.089442582663445
1474,-60186.97686807966,-1.0065026262887637
1475,-8712.976652495658,-1.681135390179137
1476,1983.0232397053164,-3.966196511994899
1477,71833.02561871258,20.397342025303573
1478,15593.023787083926,2.292800255732982
1479,-14166.975179637679,14.885337185973395
1480,-14844.974875065904,17.79593512085087
1481,-52770.97453238388,24.198904038422377
1482,71833.02252004425,-14.274893217095206
1483,-68031.97674596142,1.5925130840728108
1484,17148.023692714894,1.3975109904842042
1485,97371.02277820738,-12.381344860531263
1486,81833.02456932167,8.74335311925712
1487,59801.02475785516,9.257518310988782
1488,59613.02427233292,4.989468589888763
1489,-4962.975661362281,9.017149964899138
1490,52362.02513575317,14.66744166540514
1491,81833.02250389727,-14.061649937411046
1492,21833.02275332953,-9.193836223592763
1493,-38394.97733606542,-6.700758416911976
1494,-29388.977264479323,-7.327271512425793
1495,-20176.975186774176,15.968200002737158
1496,-22936.97745630185,-8.824831218531987
1497,-56562.97724473318,-6.132909650626524
1498,-44862.97546002226,13.85960543606291
1499,91833.02209942645,-18.12232627520159
1500,71921.0228735043,-9.762925857719697
1501,-8037.9770118102115,-4.004968094741093
1502,81833.02574611154,20.840741150649613
1503,-1338.9761184885988,3.876909208525766
1504,10733.023834179523,2.389336138896125
1505,16833.022594034486,-12.313155963051912
1506,-16462.976431269693,2.147285401789123
1507,-38406.97623295867,4.697251323093325
1508,52863.02620165771,25.857319138456976
1509,-36042.9775675342,-10.027309037246265
1510,-14844.975027054179,16.37898388935807
1511,121833.02442765996,4.523990650405441
1512,-8166.977711848255,-12.5588573459325
1513,21833.025731660215,23.84372339947133
1514,6280.023872063049,4.047746956554858
1515,-52974.97730304856,-5.436392876979529
1516,-14982.977350152229,-8.609097593523142
1517,-46794.97752055702,-9.031216780185867
1518,-44166.975781235036,7.975430510135057
1519,81833.02452126615,7.263995501827661
1520,-26598.976198214354,5.209672854281222
1521,61833.02402229366,3.1723588356397547
1522,-7218.9768772174075,-3.039837729941435
1523,-46241.97717154894,-4.167473386574245
1524,19393.02473657098,13.342123539550416
1525,35241.02567315973,22.48912706084482
1526,-7686.9736202487,30.289268129952095
1527,28961.02323650262,-4.815036135267821
1528,-54204.9758241261,9.935670408199764
1529,54629.02549106407,19.43849190788295
1530,151833.02236812643,-20.028176717542863
1531,52843.02600190359,25.258275227308797
1532,37990.02237501073,-12.82697458673953
1533,-16462.973287082503,35.97511491410323
1534,-63474.97734355615,-5.633131950830922
1535,12907.022812933294,-10.01017571807104
1536,-65922.97759165963,-8.278068720186097
1537,18333.022657192272,-10.028974597541596
1538,-61470.977242399975,-6.011331356431346
1539,-44898.97395517978,29.6145811163552
1540,39933.02341357288,-2.619398323300254
1541,-20176.976107053993,4.202369651189324
1542,-40926.977534741134,-9.439818418223545
1543,-53814.97678753799,-3.126358578065728
1544,84833.02437329711,5.697407622695687
1545,21414.024354343866,9.28174003207804
1546,-62910.976452979194,2.3756011033474214
1547,-3879.974645450913,20.259093488072885
1548,-67055.97740077497,-5.64857967598923
1549,-64422.977455657056,-6.87534283229263
1550,76833.02417176521,4.493820186037513
1551,-31722.977244943115,-5.627345565836581
1552,-8446.97398559267,27.41039637237868
1553,101833.02255979528,-14.706372464473537
1554,84201.02598066637,22.36584585684105
1555,9389.022516604868,-11.755426613451158
1556,-3306.976632259332,-1.69717534189992
1557,-11292.974708400445,20.212088561031567
1558,-19522.97706184198,-5.183824312006166
1559,-20982.976915373765,-3.1114661577475937
1560,98273.02700436967,33.05453564320357
1561,-39066.976848341044,-0.9150175487063972
1562,-53022.975547297,13.011520961907545
1563,20405.02303071885,-6.144606215631577
1564,-19722.977337714296,-7.385917509881215
1565,45280.02449655556,7.812578602219454
1566,-63522.97617183276,6.201177513760796
1567,-37038.977615328455,-9.366008770278448
1568,51833.02247440775,-12.822116405210378
1569,-21243.976566510704,0.5576486490078988
1570,569.0252069375749,17.119930668352495
1571,5477.024762389954,13.876499421963642
1572,-33618.976968897754,-3.071044452073411
1573,-35850.97694290843,-4.428731212608701
1574,-53646.9773206223,-5.713839336809054
1575,21833.022176860646,-15.663594045343906
1576,-61073.97686196885,-0.9920429227269
1577,18311.02558324222,21.98144304896203
1578,-26478.97703317129,-3.1541221047572003
1579,39931.02325549476,-3.904607323247007
1580,-24066.976849676343,-2.063741521776634
1581,35252.0222079808,-16.365944599820832
1582,19781.022782193904,-8.759143735400615
1583,3833.022532922752,-10.785334300320596
1584,-64.97523646372586,12.839385130146134
1585,-4388.976536817356,0.18522269171695233
1586,-20430.97694601338,-3.0497807369293772
1587,-29778.974048258442,28.661109321904636
1588,131833.02291037445,-12.667023927232167
1589,-49302.97668107108,0.5794206394853627
1590,2109.0225712403476,-11.134927104660727
1591,-15198.977008235423,-4.154969502396106
1592,-7110.976571413546,-1.037360846976091
1593,-3536.9736578913626,29.21931164238856
1594,-56022.97746130207,-6.834109250821052
1595,-68154.97727265762,-4.439706229289209
1596,9612.024980507882,16.1470056932293
1597,-6313.975300733798,13.6429856071801
1598,38477.02318904971,-6.216907477233978
1599,-16974.97460702289,20.865731986756863
1600,106833.02480057736,7.301799873017661
1601,141833.02278077765,-13.87294964667994
1602,49141.02337499426,-3.635612244585251
1603,-15224.977507676049,-10.548270746979034
1604,74725.02314469319,-6.506372875018186
1605,70833.02306599349,-7.888742316398202
1606,100469.02298098519,-10.42642899779267
1607,-59091.97722601589,-6.025603508643928
1608,56393.02590391941,22.36354947775717
1609,-67278.97721508144,-3.555653688552674
1610,-34656.977104306694,-5.238648505351375
1611,11816.022802819229,-7.757154110181356
1612,-38250.97550077825,10.192442035171997
1613,-28386.9754586597,12.777736340198665
1614,-67890.97722056865,-4.958640470174516
1615,-46470.974517196046,22.909704229447936
1616,9845.023794908808,1.9140665998796993
1617,-5898.977294364565,-7.379396309956094
1618,131833.0262806071,24.211943338236903
1619,-30332.977368463384,-8.116868359472402
1620,-10372.975882975716,7.040547143223235
1621,6484.023187224184,-4.133536506318367
1622,29121.02307448781,-4.948871260015297
1623,-17350.976977033606,-4.6704208507131035
1624,-44431.977066087646,-3.611895081158335
1625,-29778.97639307829,3.350298855732033
1626,-46842.97742769702,-6.983820509430807
1627,-26569.977455836044,-9.890331217546985
1628,25878.024166552543,6.774010781560604
1629,-22602.976391250864,1.8936587629188089
1630,-23201.97730303453,-6.101699807639215
1631,-47484.97424401797,26.687831501947876
1632,-43518.977165757206,-4.742832879366637
1633,-666.9760007685499,5.762204954712824
1634,51833.02218067037,-16.124261908373988
1635,34037.02379000366,0.505964151170239
1636,-35742.97416455607,27.39931828314733
1637,-24927.97717521019,-6.025143577207507
1638,36833.022401102324,-14.69313053868608
1639,15017.024375041532,9.021592579725956
1640,-44082.976590967155,1.4744233594584932
1641,-31973.97738663742,-7.839854388718055
1642,8616.023568012406,-0.055061314683361555
1643,-26803.97743029993,-8.58744845703851
1644,-50094.97696223227,-2.4453888377223167
1645,151833.02232454685,-19.351029380012978
1646,71833.02284138306,-11.490655045519778
1647,-62761.97745789161,-7.821096280287563
1648,131833.02286309536,-12.888017656643271
1649,17793.023064664376,-5.303174954309432
1650,-40674.97672873277,-1.356425073894231
1651,-59766.97753108275,-8.406092112923359
1652,16289.023207799011,-3.4918513074444686
1653,-38166.97710439062,-4.983437620761634
1654,18439.026273178446,29.669440367668503
1655,-41505.97371370539,32.24352171810772
1656,59833.023799508366,1.04326531878449
1657,-13470.976850753354,-3.560587920916904
1658,11816.023625415992,0.41805786797123623
1659,81833.02251720084,-14.250330224636654
1660,101833.0252384767,14.563755367942251
1661,-11550.976772881566,-1.8210735142936596
1662,9485.02499732883,14.593964956451224
1663,-12711.97647040154,0.5200660406134278
1664,-60428.97726237531,-5.527911969502932
1665,-3356.977120879218,-6.548129155434901
1666,86944.02357025609,-3.285118905757287
1667,-57294.97776967403,-10.686834808016037
1668,11833.022185756052,-14.16225995549655
1669,33333.02382575368,1.9801225546919368
1670,-36174.97555783018,12.419200084738073
1671,-35598.97376253996,32.07751525419693
1672,-49974.976693695164,0.8983238117298642
1673,-45522.976880037386,-1.9118275167592118
1674,-51306.97679135762,0.484286076367062
1675,21833.022323573412,-14.51417600813864
1676,-7218.974263259675,23.975034529939283
1677,35833.02245669303,-13.747416476261561
1678,-56454.97704989768,-4.495373321267377
1679,-42570.9755612316,11.935187046452173
1680,78833.02400846919,0.6654530331217889
1681,45336.02302615641,-6.27940295582432
1682,-38166.9769699479,-2.334635466725929
1683,-48294.97688942021,-2.9256757742507387
1684,-65142.97734959468,-5.289653358440015
1685,10833.026102668637,27.595042829370694
1686,-58974.977429175146,-8.210768136240867
1687,-4086.977034744994,-6.226353139838337
1688,87833.02225623152,-18.460562379198546
1689,61833.022126067,-17.517102311457947
1690,38477.02553623961,21.060451150755462
1691,24617.023405793625,-1.6669748280233982
1692,31833.02511579416,15.362449621573278
1693,-30474.977637819542,-10.106735701161853
1694,-22602.976940643155,-5.02409062273834
1695,-46758.97759955823,-9.418354385409328
1696,99833.02427844744,3.8157748575739814
1697,-62130.977289887625,-4.792825395592121
1698,-8994.97616860243,4.354872472252568
1699,-65653.97745254288,-6.693242098000714
1700,-14117.97724457271,-7.900375987621718
1701,-19522.976699363084,-1.1360927540903603
1702,13983.02549567419,17.609176801412495
1703,141833.02359797986,-5.9631689519522055
1704,-66876.9766881982,0.37300845721179393
1705,-47922.9769869176,-2.7192387818554975
1706,18311.02420037419,6.166231392685413
1707,-64818.97645751273,3.9565025812653833
1708,7517.023068889117,-5.62919597652916
1709,-51678.97694746578,-1.4207294456560555
1710,-44166.976229645195,3.7039048674116892
1711,-51414.97691413508,-1.6914444557931814
1712,5825.022280871124,-12.764992333115863
1713,-64962.97740471196,-6.327087069067329
1714,-34662.976215309915,3.5390817477395653
1715,38333.02233262583,-13.484344860047875
1716,5153.023828704445,3.3253802559690713
1717,-24927.976992639004,-3.1332546784379285
1718,121833.02317390521,-9.558505810927821
1719,120564.02328940853,-9.053658784432743
1720,71833.02447865075,7.985881334747103
1721,1833.0225135599144,-10.385666592461977
1722,19133.023129374622,-3.7285624846985943
1723,79833.02531986345,16.459419603834416
1724,-3307.97428270675,22.674879565981353
1725,18311.023176276587,-4.2767834725986775
1726,-55518.97612459024,5.47671930160437
1727,31833.023777714345,1.1162333307512715
1728,-47826.977427262274,-6.828802124088661
1729,-13386.975695236164,10.287206628406505
1730,18311.024494397,10.050503492924397
1731,-39792.97663799393,0.2800059298589156
1732,-54729.97710412902,-3.2351906586166295
1733,-48930.97471969616,21.760756893011518
1734,-31413.97707822493,-3.9311153137938617
1735,-39258.975949732136,7.991800275315042
1736,-45465.97765690093,-10.790284459682905
1737,3044.0228409656274,-6.61810071002647
1738,-51018.977083252474,-2.8903522765985112
1739,26366.023877637665,3.3171129588701493
1740,-20166.97737424474,-8.36518069136858
1741,86833.02361463095,-2.9486554884709
1742,-5454.976472698227,0.24203302909524319
1743,1208.023088486708,-4.58922169469988
1744,-7471.977305785126,-8.013471988471395
1745,-36173.9766388712,1.0429560928791788
1746,-62178.97730381502,-5.263584845656152
1747,-3429.976920338263,-3.9721176983532884
1748,-61883.97737212132,-6.724815148111986
1749,-40566.97733169744,-7.948906348555853
1750,-61166.97485797585,21.187159830975936
1751,-44814.97708734679,-3.521231872633587
1752,32273.02468849994,11.690585015753639
1753,-47046.977673051326,-10.42894079571388
1754,-31679.976988032897,-4.369930127217932
1755,-26934.976666216542,-1.758256877558248
1756,-51714.977399046205,-8.573325326865138
1757,25097.025460974564,19.63369867169888
1758,82625.0226375367,-13.119294547593238
1759,17726.022768037976,-8.186238864943215
1760,-11094.977158875863,-5.94595615549077
1761,-11166.974747088945,19.271935461143748
1762,74018.02591289677,21.969328162609436
1763,-13778.976946750907,-3.780031499720518
1764,-68118.97718606882,-3.927746938918273
1765,-59790.97738267584,-5.918161317094364
1766,-48918.97472615883,20.887890429454156
1767,65452.02522188657,15.247870784010836
1768,29121.024548025336,10.308684584929173
1769,-8707.974530759844,19.892880251117163
1770,-48102.97492711961,19.230716321202397
1771,131833.02452903477,5.06827385400269
1772,-23370.97654041776,0.8314819582129953
1773,57472.022664375756,-11.69104786044524
1774,-16462.97536630879,13.2154809039127
1775,-43470.97712185406,-5.44555596898568
1776,-30234.977015185672,-4.189699944541709
1777,-15630.976008247804,4.971094214205194
1778,-16278.975205158278,13.087975052902522
1779,-566.9774596454258,-9.858825743966452
1780,-1794.9766792447936,-1.7867970645160138
1781,29438.02337727271,-2.3140615703094367
1782,81833.02750378245,39.8528540128164
1783,121833.02342394434,-8.241720403337128
1784,7313.024229199942,7.1783183870984395
1785,-62742.97725407945,-4.990249243275487
1786,-18043.977605396598,-10.41801901670018
1787,-45465.977015059165,-3.27700781432103
1788,-20778.97633369485,3.207802875117336
1789,106833.02213991547,-18.990517575338163
1790,-47022.976777499294,0.2768960921758367
1791,-56202.977566325884,-8.67341005376471
1792,-52506.977398850446,-6.850689425641609
1793,46625.02468228486,10.729395557481478
1794,-19842.97702229576,-5.136967738440796
1795,-19522.976145960296,4.804913163978926
1796,-11010.976910213854,-3.5387738141252054
1797,-19074.97759448165,-10.782710390327816
1798,2233.0239582588392,4.696786112750997
1799,24613.024396705852,9.355601831305059
1800,36833.02272753745,-11.314287035013004
1801,112817.02210757433,-19.087232375478102
1802,71833.0246242509,9.80737708455459
1803,-50010.97767202067,-9.633955545029274
1804,-54450.97626729692,5.666490349407928
1805,-61578.97714128319,-4.089252444997229
1806,-2047.9747823119828,18.289932842988307
1807,-42342.976510339446,2.103646548660701
1808,22315.024076084253,5.575740549505125
1809,121677.02236051681,-17.341817973427627
1810,9033.025824817752,25.010530404153698
1811,26833.022751837187,-10.067747032618989
1812,-44814.97707354608,-3.7801855384276823
1813,-53766.97704270828,-4.40918079422301
1814,24581.02554978839,20.523958315977815
1815,11833.022287726779,-13.574681644153753
1816,-28710.976430055314,1.188215251482094
1817,-8800.977445059221,-10.692846653169237
1818,-19047.97682215305,-2.105149282884264
1819,-40794.97716079287,-4.919195360543365
1820,-7209.97497966152,16.317276587796968
1821,-25509.976864701,-3.202671577784511
1822,3041.022577869624,-10.316068455385178
1823,-11955.976266563743,3.8206217969261136
1824,-43854.97792074816,-12.21847385087989
1825,1833.0225374568479,-10.207209862055313
1826,1118.02301385156,-4.2822113660087275
1827,-33575.97703727915,-4.1462498607819285
1828,19814.022820514467,-7.741737806057768
1829,-40674.97325775242,37.860713010438225
1830,31385.02201147129,-17.75460194578653
1831,-10166.977782387483,-12.689230645105907
1832,34526.023623004185,0.2897053596975255
1833,46833.02247643886,-12.715837390298027
1834,-53166.97705829928,-4.604999788368529
1835,131465.023134333,-9.189877593580809
1836,-30774.97534693595,14.514064540875818
1837,-4388.976157974334,4.0543374190650505
1838,-38980.97571505545,9.926113135050505
1839,-48620.9773740381,-7.25402189662886
1840,-35737.9765765059,1.455578751564212
1841,82600.02311487033,-10.636937252278985
1842,73833.02318769174,-6.116670114366705
1843,-43086.97627061255,4.17280286738857
1844,-6550.97697195484,-4.909452915314368
1845,-16170.977530334127,-10.341659948360695
1846,-22770.97673027639,-1.6533014459229165
1847,-31794.976792763722,-1.730481927562825
1848,-40566.97736410974,-7.443477751989948
1849,-24442.97548962456,11.338542247623467
1850,-22925.977649693632,-11.123396009148218
1851,13833.022665238845,-9.420257705066792
1852,-48708.97409060856,28.18621926237268
1853,2097.0236003958976,1.070105156052167
1854,116833.02257386433,-16.109890524997102
1855,111833.02297801392,-11.24213488889266
1856,-9116.977094367014,-5.682342140871469
1857,11833.022545068114,-11.033790589124118
1858,-5863.976237611277,2.6929634351512317
1859,-18306.97668843816,-1.1563165513853895
1860,127881.02390976138,-0.9152928462525879
1861,-33618.977390846645,-7.823167164776944
1862,17148.023093365256,-6.674581542270377
1863,15603.024181718645,6.272990526017202
1864,15345.024100128256,5.604447847415597
1865,-56106.976723103224,0.7695861750823252
1866,23972.0245890775,9.207935390313308
1867,44908.0235459245,-2.481707127199406
1868,27812.025168568845,15.892652314065534
1869,-60282.97750271476,-7.072878837589339
1870,-3307.9756868552095,8.994801233646623
1871,-19522.977450817594,-8.800111053907907
1872,-38490.97736944736,-7.698094612679771
1873,-14117.976588388989,-0.22517108870855498
1874,-24300.977429542294,-8.101635550230297
1875,41833.02383483812,1.7749140994290593
1876,-23490.976987197966,-3.459454954389515
1877,-20166.976843588876,-2.4825432984230584
1878,-31705.9754736144,13.505392329340845
1879,-34602.97521450023,15.254131880920065
1880,-63522.97727967548,-5.056513769011878
1881,16833.022688886304,-8.680618715614392
1882,4351.023922862987,4.6028540531247994
1883,-22925.977896906137,-14.186614345918725
1884,-36006.97709297203,-5.172901050808502
1885,109833.02430083364,4.668330243625167
1886,-11378.97692382215,-4.909025586956327
1887,-31305.97671849762,0.286194650998083
1888,-16938.977011805127,-6.113991670404204
1889,-54978.97741096435,-8.223610821076333
1890,-713.9746665143147,20.403553727955735
1891,25534.024990132802,14.347038662259514
1892,-42354.9775554465,-9.186731435282509
1893,-64302.977079906246,-2.351190839376363
1894,-44814.97744995833,-8.899344997112609
1895,-24654.97710582047,-7.870874677157114
1896,3284.0229850896435,-5.820085615543265
1897,-2346.9756490525256,9.977617661518575
1898,18311.02389194928,1.8105914257346798
1899,23716.024330563298,7.669603483612404
1900,-9253.977114596817,-5.680622698444153
1901,4259.024111014071,6.3846040740957894
1902,8616.023379724436,-0.8470568862076989
1903,-48714.97724205461,-5.844932337314393
1904,1151.0235840921823,0.9839146548730965
1905,47833.02474469273,11.124008164890306
1906,1470.0248866604095,14.792596517195594
1907,-48925.977264030356,-6.095559381784315
1908,22637.02429637146,6.651972930097435
1909,-3536.9740379059417,27.46641518814704
1910,19392.023397145236,-2.2579179160622878
1911,16833.02250119036,-12.6968996019705
1912,121833.02414279217,1.37333987807955
1913,38045.0247518883,11.347303761986058
1914,-35062.97717795027,-4.669350435096492
1915,-45522.97617205329,6.2698377428346035
1916,51833.02596131148,24.15221314953256
1917,-11178.97592802575,6.291878721272403
1918,-7812.977364087881,-8.943015486396808
1919,64576.02414052919,0.7699791293473143
1920,-24666.977305905126,-7.451162460461018
1921,-59790.977277033235,-5.0672093898047885
1922,47633.02333283048,-4.5776747987600475
1923,-27210.977053843377,-5.350673811387422
1924,-63426.97730525437,-6.274571796951024
1925,-48654.97717876332,-5.276235156477903
1926,-24390.976586498917,0.5390738284370169
1927,-11955.976569713142,-0.26748497573707825
1928,-3166.9771043808164,-6.559597805774317
1929,-27330.977084129398,-4.8299490677638275
1930,-6222.977164512403,-6.979967070661502
1931,25223.026076183178,26.92672638499874
1932,81833.02499200137,10.855061414180623
1933,19333.02256994226,-10.700778119698683
1934,-29388.9772455823,-6.9916198461222345
1935,11833.023308061864,-2.2287419883569854
1936,81833.02194853919,-20.151870974545442
1937,-40437.97733951084,-6.246300790395041
1938,71833.02265601279,-12.001343564115336
1939,116833.02414945497,1.8191697658243047
1940,6833.023684670604,0.16734140842272716
1941,13833.02227504566,-13.694490690043214
1942,45594.02251738077,-12.07527550480099
1943,-44166.976722829095,-0.9091134588457165
1944,131833.0225826941,-16.704171284866234
1945,6421.024628931941,11.73469492611909
1946,-62362.97756274905,-7.717797428472696
1947,9389.022626589602,-10.291935917081917
1948,-51035.97677053003,-0.5831032931026918
1949,-22974.97392708616,27.835241855157317
1950,-48222.97534676303,14.166817617746439
1951,-56997.97630461735,5.077650678615491
1952,-64715.97674397013,0.9385839779041447
1953,-16206.974315558382,24.33546877239176
1954,-32310.975527380844,12.281596301464086
1955,38477.02341206568,-2.355133279165156
1956,-20741.976369361,1.7678492514063497
1957,91833.02290300718,-10.280664052489884
1958,-20423.977177713237,-5.784571897276635
1959,101446.02463060967,8.072591804419767
1960,41833.022674087726,-9.958689705428196
1961,-42539.977346568914,-6.729467191101468
1962,38033.0227211018,-11.007186081201292
1963,-1145.977042160063,-6.233860594717523
1964,105833.02290101386,-12.51187182778139
1965,-58734.976773871575,0.4472173539679137
1966,-62154.97733995309,-7.536325376476366
1967,111833.02681586971,30.39220462103381
1968,-9798.97614881309,4.085043192008144
1969,-15438.974775007033,19.42947014107328
1970,-25938.97736450904,-7.574717648630999
1971,41833.02480736067,13.025961945922433
1972,-67578.97624194217,6.153687778577834
1973,11892.023128683924,-3.7333214019381185
1974,-23370.975511898927,9.904254050369673
1975,26192.025622265697,22.604327511470572
1976,-36174.977062010825,-3.988323200535745
1977,-34866.977443269476,-8.99319362359596
1978,28707.02316195196,-5.75291401732493
1979,43833.02324765867,-4.388224581435322
1980,22889.024447679036,9.744460911606799
1981,-66090.97724559574,-4.547982354005758
1982,49459.02291486346,-7.722017825851696
1983,-33258.97750076809,-9.315550378069894
1984,81833.02501212963,13.181142800984754
1985,36041.025760442535,22.595599023136742
1986,11729.024325751065,8.429600781290082
1987,-48294.97742356008,-7.106180154699313
1988,-58393.97666678249,0.2157040515427484
1989,-34314.97712707341,-6.868562858857301
1990,4434.024496474954,10.708396662419362
1991,48959.02245457339,-12.374937214821484
1992,-53670.97757143471,-8.712876137949218
1993,-23166.97475731182,20.10637834232677
1994,106833.02240464101,-16.833822323276813
1995,340.0271315134928,39.97380081462225
1996,7464.024246194063,6.841652683805542
1997,-5814.976883966557,-2.9407194384937085
1998,-45466.9770843278,-3.787795320415056
1999,-26934.975741029066,8.107243133040942
