,>35,EdLevel,MainBranch,YearsCode,YearsCodePro,PreviousSalary,ComputerSkills,Employed
10991,1,1,1,6,0,12000.0,5,0
66821,0,4,0,35,12,112619.0,5,0
34692,1,2,0,5,0,80000.0,11,0
29992,1,3,1,13,4,33228.0,17,1
38664,0,3,1,35,40,129718.0,7,0
3330,1,1,1,5,3,51704.0,18,1
14944,1,1,1,11,4,34034.0,14,0
19885,0,3,1,20,20,60000.0,12,1
4519,1,2,1,5,2,15384.0,11,1
19487,1,0,1,8,8,32664.0,23,1
2178,1,2,1,12,11,121979.0,16,1
43814,1,2,1,6,7,6449.0,7,0
3349,1,2,1,7,3,52000.0,14,0
18248,1,1,1,10,9,75000.0,17,1
26614,1,2,1,4,3,10471.0,15,1
56131,1,2,1,20,11,89581.0,23,1
32879,1,2,1,8,2,56874.0,19,1
9745,1,1,1,3,2,140000.0,14,1
9957,1,2,1,5,0,15096.0,14,0
10642,0,4,0,19,7,75631.0,2,0
62483,1,2,1,6,4,22440.0,1,0
12910,1,3,1,15,8,64164.0,16,1
30676,1,2,1,10,7,100000.0,16,0
1795,1,2,1,13,6,12600.0,16,1
9699,1,0,1,10,3,43239.0,14,1
5774,1,2,1,12,7,59454.0,16,0
42171,1,0,1,9,6,20808.0,11,1
64967,1,3,1,6,1,39991.0,14,1
61910,0,1,0,10,6,11136.0,7,0
18270,0,2,1,42,35,59000.0,6,0
43542,0,0,0,16,10,36372.0,29,1
36310,1,2,1,20,6,36192.0,19,1
18202,1,1,1,10,2,70000.0,16,0
42267,0,3,1,14,8,195000.0,13,1
42395,0,2,1,20,11,125000.0,19,1
41335,1,2,1,11,7,116000.0,14,1
15835,1,3,1,5,3,10944.0,10,0
27511,0,4,1,17,7,71345.0,16,1
31830,1,2,1,6,4,120000.0,16,0
14550,1,2,0,10,4,15120.0,9,0
61336,1,3,0,19,15,59832.0,18,1
32357,0,3,1,30,15,140527.0,7,0
18043,0,4,1,25,10,70264.0,9,0
45094,1,3,1,7,2,106194.0,11,1
15294,0,4,1,45,30,126938.0,13,1
63156,1,0,1,8,4,33912.0,15,1
12631,0,1,1,40,36,118908.0,25,1
21786,0,2,1,20,12,28536.0,8,1
17078,0,3,1,10,8,75669.0,14,1
7053,1,2,1,9,4,8784.0,8,1
43829,1,2,1,6,2,39672.0,15,1
19628,1,2,1,10,8,91128.0,10,0
9393,1,2,1,6,4,33508.0,15,0
56705,1,3,1,2,2,38388.0,14,0
30680,1,3,1,13,5,205000.0,12,1
4726,1,2,1,8,4,68000.0,14,1
43027,0,3,1,21,11,51192.0,4,0
52595,1,2,0,6,0,34822.0,22,1
32676,1,2,1,10,6,33508.0,3,0
46591,0,2,1,40,26,150000.0,17,1
46190,1,2,1,17,15,48624.0,19,1
62998,0,3,1,17,12,204756.0,18,1
30169,0,2,1,33,15,85000.0,11,0
30123,0,2,1,38,22,54289.0,21,1
67127,0,2,1,25,9,84000.0,22,1
68895,0,1,1,35,35,87252.0,9,1
33149,0,1,1,20,15,33900.0,19,0
4364,0,3,1,27,22,86731.0,14,0
44039,1,3,1,14,4,74651.0,7,1
25986,0,3,1,30,22,75936.0,17,1
20793,1,2,1,17,15,32906.0,29,1
53478,1,3,1,14,10,16778.0,8,0
49652,1,2,1,8,5,52464.0,8,0
39751,1,2,1,11,8,49461.0,19,1
68505,1,2,1,9,5,53322.0,12,1
23762,1,2,1,9,5,57252.0,6,0
35362,1,2,1,5,1,4668.0,7,0
27477,1,2,1,6,0,24696.0,8,0
21000,1,1,1,7,4,35028.0,18,0
571,1,3,1,15,12,21204.0,16,1
41466,0,2,0,20,15,44796.0,10,0
50803,1,3,1,7,3,47990.0,21,1
65911,1,2,0,10,7,109695.0,16,0
60440,1,2,1,12,9,92448.0,9,0
63702,0,4,1,15,7,120237.0,11,0
52960,1,3,1,6,2,56076.0,19,1
10701,1,2,1,14,11,160000.0,20,1
21689,0,3,1,30,20,92964.0,17,1
3694,1,3,1,20,4,183750.0,3,0
68917,1,1,1,2,3,19980.0,19,1
17054,1,0,1,20,17,55000.0,15,1
45079,0,2,1,16,8,13044.0,10,0
40788,1,2,1,25,8,44040.0,13,1
28921,1,4,1,18,10,71093.0,10,0
40617,1,3,1,7,3,45401.0,18,0
62184,0,2,1,25,23,175000.0,28,1
22371,0,2,1,30,29,132355.0,9,0
65078,1,0,1,4,3,35832.0,8,1
21135,1,2,1,9,5,18848.0,14,1
53705,1,3,1,14,8,106644.0,9,0
45084,1,2,1,5,1,9600.0,12,0
51805,0,2,1,35,23,144485.0,27,1
18940,1,1,1,5,3,7020.0,16,1
36861,0,1,1,9,7,120000.0,19,1
65883,1,2,1,5,0,13200.0,9,0
34753,0,1,1,45,40,205000.0,10,0
68427,0,3,1,24,22,67548.0,14,1
64051,1,3,0,8,8,58654.0,11,1
34391,1,2,1,11,4,5628.0,11,0
19554,1,2,1,10,7,84000.0,26,0
52484,1,2,1,10,4,81988.0,17,1
66389,1,2,1,10,4,64486.0,5,0
64243,0,2,1,23,12,50000.0,19,1
64689,1,2,1,9,5,90000.0,7,0
11671,0,2,1,12,7,62045.0,17,1
46692,0,2,1,22,14,115200.0,14,1
7139,1,3,1,13,11,59454.0,25,1
66956,1,2,1,23,10,76640.0,9,0
4015,1,3,1,8,2,780.0,19,1
47694,0,3,1,22,19,69318.0,17,1
48125,0,2,1,17,15,63700.0,10,0
67305,0,3,1,36,18,83182.0,13,1
62116,1,1,1,12,11,63984.0,26,1
34446,0,1,1,31,22,58373.0,21,1
34037,0,3,1,42,28,140088.0,15,0
39445,0,1,1,23,17,54049.0,19,1
42304,1,2,1,10,5,100000.0,17,1
54464,1,2,1,9,4,120000.0,16,0
43975,1,1,1,15,10,47796.0,5,1
60916,0,1,1,12,8,50755.0,7,0
17389,1,2,1,8,4,9600.0,27,1
33441,1,2,1,6,5,4236.0,0,0
56785,1,2,1,4,2,2316.0,27,1
52966,1,3,1,10,4,58563.0,8,0
35103,1,1,1,20,10,113000.0,16,1
162,0,2,1,25,15,120000.0,21,1
4140,0,2,1,27,23,96000.0,9,0
23748,1,2,1,18,9,55776.0,6,0
45890,1,2,1,10,7,150000.0,8,0
62810,1,3,1,18,12,76788.0,11,0
31419,0,2,1,41,27,130000.0,27,1
8277,0,2,1,18,18,14160.0,3,0
4869,0,2,0,18,15,146981.0,13,0
33975,0,3,1,33,28,91883.0,10,0
30103,1,1,1,17,4,31128.0,9,0
7588,0,1,1,43,24,73491.0,16,1
611,1,0,1,7,6,9072.0,21,1
10407,1,3,1,22,8,44628.0,4,0
21303,1,3,1,10,8,19546.0,9,0
29398,1,2,1,10,3,22701.0,14,1
9568,1,3,1,10,0,32315.0,7,0
59818,1,2,1,7,3,26661.0,11,1
10149,1,2,1,21,9,150000.0,10,0
35407,1,2,1,9,7,4200.0,27,1
340,1,2,1,3,2,22512.0,5,0
32997,0,3,1,42,37,195000.0,5,0
8603,0,2,1,24,21,69637.0,13,1
8741,1,2,1,10,3,75000.0,12,1
60862,1,2,1,9,5,33801.0,10,0
50332,1,2,1,7,3,114851.0,21,0
33407,1,3,0,20,8,77831.0,4,0
14050,0,2,1,4,4,105000.0,16,0
29003,1,3,1,5,0,25944.0,8,0
32494,0,3,1,20,16,83770.0,19,1
55255,1,2,1,3,1,19346.0,14,1
18292,0,3,1,24,16,32316.0,23,1
32644,0,0,1,30,15,41077.0,35,1
18167,1,2,1,15,3,46533.0,9,0
65496,0,3,1,18,15,82884.0,20,1
7389,0,2,1,25,20,193889.0,8,0
60706,1,2,1,10,6,63986.0,24,1
25046,1,2,1,8,3,102000.0,11,1
58538,1,2,1,5,2,22860.0,11,0
27809,1,3,1,15,8,38688.0,9,0
11040,1,2,1,5,2,86976.0,29,1
12985,0,2,1,30,28,41508.0,9,0
30285,1,2,1,8,4,72000.0,11,0
19682,1,2,1,7,3,30018.0,11,0
43911,1,3,1,13,10,63986.0,6,0
65216,0,1,1,15,15,95000.0,0,0
64220,0,2,1,20,11,210000.0,8,0
37838,0,1,1,15,10,37834.0,12,0
57,0,3,1,30,25,59454.0,10,1
62746,1,1,1,8,3,31489.0,13,1
37151,1,3,1,8,3,140000.0,13,1
5509,0,3,1,30,18,102693.0,7,0
54113,1,2,1,9,6,69102.0,13,1
18388,1,1,1,11,8,15528.0,17,1
7039,1,4,1,4,3,122580.0,9,0
40331,1,3,1,12,7,53901.0,3,0
12680,1,2,1,11,7,71885.0,14,1
29781,1,3,1,7,6,53184.0,12,0
62294,0,2,1,20,15,120000.0,11,0
66020,0,2,1,18,16,57147.0,14,1
37437,1,3,1,11,3,155000.0,19,1
38631,0,2,0,25,15,84019.0,9,0
66715,1,0,1,9,4,17916.0,8,1
49635,1,3,1,8,2,63986.0,24,1
15340,1,4,1,10,10,73944.0,26,1
69391,1,1,0,8,5,51192.0,13,1
5427,0,1,1,42,40,142692.0,12,1
48946,1,2,1,7,4,1197.0,15,1
6136,1,1,1,3,2,21264.0,10,0
48612,0,2,1,28,24,57588.0,6,0
28869,1,2,0,5,1,4656.0,7,0
35611,1,1,1,5,3,1980.0,14,0
42962,1,2,1,6,4,6348.0,11,1
8421,1,3,1,13,9,45396.0,10,0
63895,1,2,1,17,13,200000.0,15,1
68041,1,2,1,5,5,8328.0,15,0
46431,1,2,1,13,5,62316.0,9,0
69421,0,1,1,20,13,8.0,12,0
69311,1,2,1,5,2,27756.0,15,0
32933,1,2,1,4,1,28105.0,7,0
68263,1,2,1,11,5,106157.0,19,0
66738,1,3,1,13,8,74651.0,21,1
9212,0,1,1,35,13,51704.0,5,0
49301,0,3,1,20,15,78013.0,7,1
24051,0,3,1,40,27,106895.0,18,1
37202,0,4,1,13,6,121010.0,10,0
39308,1,2,1,10,3,98321.0,13,0
31232,1,1,1,18,14,155664.0,39,1
19332,1,2,1,11,8,54049.0,11,1
14582,1,1,1,11,3,9108.0,13,1
63104,1,2,1,4,0,10872.0,25,1
53083,1,2,1,10,4,7476.0,14,1
32944,0,2,0,30,25,20682.0,10,0
37751,1,1,0,5,2,16860.0,20,1
44665,1,2,0,10,6,58165.0,10,0
14889,1,2,1,11,5,195000.0,22,1
36668,1,2,1,6,5,13224.0,15,1
2981,0,3,1,15,10,143000.0,13,1
57160,0,2,1,7,6,21936.0,12,0
56140,1,3,1,16,4,63986.0,14,1
9985,1,2,1,5,0,4188.0,20,1
35108,0,3,0,20,15,12000.0,11,0
56425,0,3,1,10,6,48999.0,6,0
62044,1,2,1,8,4,90539.0,9,0
34089,1,4,1,17,11,62820.0,15,0
3992,0,1,1,32,29,138553.0,9,1
1057,1,2,1,7,0,10020.0,16,0
68157,1,0,1,4,3,36372.0,13,1
49584,1,3,0,6,5,5568.0,3,0
20837,0,2,1,15,13,64859.0,12,1
24485,1,0,1,12,4,53184.0,11,0
45374,0,3,1,14,10,174000.0,15,1
4645,0,2,1,37,20,120000.0,24,1
29487,1,2,1,15,7,62916.0,14,1
18272,0,2,1,34,32,30156.0,22,1
67839,1,3,1,7,5,82116.0,12,1
29513,0,2,1,34,34,77832.0,15,0
1476,1,1,1,8,6,32315.0,14,0
19418,1,1,1,12,9,25296.0,9,1
13521,0,3,1,27,20,77831.0,11,1
51482,1,2,1,4,1,24600.0,7,0
28847,1,2,1,2,1,5448.0,13,1
53495,1,3,1,15,8,25980.0,12,1
51131,1,2,1,10,4,96742.0,20,1
33030,0,0,1,8,4,53184.0,15,1
36005,0,2,1,40,27,150000.0,14,1
53311,1,1,1,4,3,28368.0,13,0
10724,1,1,1,4,3,86976.0,14,1
67760,1,2,1,6,3,105000.0,16,1
53400,1,3,0,10,6,168.0,13,0
7724,0,1,1,10,6,94539.0,18,0
23354,1,1,1,12,9,36000.0,17,1
59140,1,2,1,9,4,36.0,19,1
33708,1,3,1,6,4,12564.0,16,0
56154,0,1,1,12,9,215232.0,6,0
26400,0,2,1,25,15,134000.0,11,0
45061,0,3,1,20,15,80529.0,19,1
50537,0,2,1,5,0,45000.0,7,0
63237,1,2,1,9,2,59050.0,15,1
66231,1,2,1,7,3,58563.0,13,1
35346,1,2,1,6,2,5928.0,40,1
44635,1,2,1,12,6,38388.0,30,1
1193,0,3,1,14,12,168636.0,13,1
35232,1,2,1,11,7,51888.0,22,0
32802,0,2,1,14,10,14016.0,8,1
31864,1,0,0,6,3,41460.0,9,0
39709,1,2,1,25,7,58368.0,11,0
67189,0,2,1,36,32,31176.0,8,0
56082,1,2,1,11,10,40800.0,13,1
38521,0,3,1,24,15,70264.0,5,0
38200,1,2,1,11,8,91000.0,21,1
66572,1,3,1,10,7,15036.0,2,0
21418,1,1,1,5,6,11028.0,11,1
5728,1,1,1,7,3,68102.0,15,1
37400,0,0,1,25,15,73956.0,10,1
1621,1,2,1,24,12,20943.0,32,1
9684,1,2,1,7,3,43948.0,10,0
50635,0,3,1,8,6,185000.0,20,1
7083,0,4,0,23,14,43948.0,18,1
31587,0,2,1,20,17,26640.0,13,0
21133,1,2,1,20,12,59454.0,23,1
11873,0,3,0,26,7,75669.0,14,1
57996,0,3,1,18,10,114076.0,9,1
27856,1,1,1,4,2,12720.0,4,0
4808,1,1,0,4,3,64859.0,14,1
29711,0,1,1,30,25,180000.0,2,0
32056,1,2,1,15,6,82276.0,15,1
55139,1,2,1,4,1,17952.0,7,0
32814,1,1,1,3,2,11450.0,7,1
29946,1,1,1,5,3,5616.0,15,1
54063,1,1,1,5,4,34140.0,7,0
778,1,3,1,13,10,90758.0,14,0
62632,0,1,1,33,31,15000.0,11,1
57539,1,2,1,11,8,145000.0,17,1
69977,1,4,1,20,14,60307.0,28,1
2294,0,2,1,22,17,30267.0,9,1
16507,1,2,1,13,10,25128.0,20,1
31305,1,3,1,14,6,35340.0,10,0
13519,0,1,1,30,25,11676.0,9,1
9620,0,1,1,30,12,110000.0,19,1
4881,1,2,1,7,4,48480.0,17,1
61750,0,1,1,23,14,93701.0,17,0
53352,0,3,1,17,11,95979.0,10,0
63882,0,1,1,28,24,29916.0,8,0
20389,0,3,1,26,21,95976.0,10,0
55975,0,2,1,26,7,39050.0,9,0
41963,1,2,1,10,8,200000.0,11,1
14389,0,1,0,38,22,98321.0,16,1
60824,1,2,1,12,4,48999.0,8,0
69613,1,2,1,7,5,96000.0,18,1
55392,1,3,0,16,9,77850.0,18,1
67809,1,2,1,12,8,68599.0,29,1
36488,1,3,1,11,6,30372.0,19,1
48288,0,4,0,40,30,49860.0,2,0
33176,0,2,1,12,10,110000.0,12,0
53640,1,1,1,15,5,124103.0,8,0
53,0,3,1,27,16,200000.0,19,1
33979,0,1,1,16,10,86844.0,17,1
18180,1,2,1,10,6,120000.0,16,0
17702,0,3,1,23,11,70337.0,12,1
58749,0,2,1,28,13,89016.0,15,1
67900,0,2,1,19,14,96000.0,13,1
3939,1,1,1,14,2,50000.0,9,1
51715,1,2,1,14,10,60948.0,24,1
11454,1,3,1,13,4,32906.0,5,0
22348,0,1,0,35,20,116748.0,15,1
44490,0,2,1,18,15,36693.0,13,1
53330,0,3,1,25,15,53322.0,34,1
35241,1,2,1,3,2,49119.0,9,0
61206,1,3,1,15,9,51189.0,16,1
40693,1,1,0,12,5,49944.0,7,0
41253,0,2,1,32,23,120000.0,10,1
60685,0,2,1,12,6,199940.0,8,0
28315,1,1,1,6,2,13326.0,12,1
52896,0,3,1,25,18,83093.0,18,1
4518,0,2,1,15,6,62293.0,13,1
37788,1,3,1,8,4,52548.0,3,0
40688,1,3,1,9,5,32424.0,16,1
35728,1,3,1,10,7,45887.0,5,0
49298,0,3,1,17,14,51192.0,11,1
41868,1,2,1,13,9,122640.0,8,0
58664,1,1,1,10,1,83182.0,15,1
6100,1,3,1,11,5,23388.0,10,0
26076,0,4,1,21,7,150000.0,9,0
40153,1,2,1,7,5,13740.0,20,1
14788,1,2,1,2,1,60000.0,14,0
29200,1,3,1,9,7,27840.0,21,1
6967,1,2,1,13,5,50940.0,17,1
69162,1,3,1,10,4,59050.0,11,1
10587,1,1,1,20,14,19464.0,21,1
392,1,2,1,12,8,66500.0,12,0
16184,1,3,1,7,4,40212.0,19,1
30731,0,2,1,40,35,120000.0,12,1
11261,1,2,1,9,5,20943.0,9,0
1738,1,2,1,9,3,75669.0,12,1
34951,1,2,1,17,9,42000.0,29,1
63373,1,3,1,13,5,13542.0,9,0
10259,0,2,1,10,8,150000.0,21,1
6884,1,2,1,13,10,44172.0,14,1
55086,0,1,1,28,25,49308.0,20,1
26109,0,1,1,23,14,76000.0,10,0
17280,0,1,1,25,17,90758.0,4,0
48372,1,2,1,3,1,9780.0,17,1
67928,0,3,1,22,22,92002.0,20,1
3565,0,3,1,50,36,160000.0,16,1
27475,0,2,1,7,5,70000.0,12,1
27631,0,2,1,5,3,70000.0,14,0
32718,1,2,1,10,8,16488.0,20,1
46580,1,4,0,10,8,36700.0,1,0
22814,1,2,1,9,2,105000.0,9,0
33768,1,4,0,8,6,63778.0,7,0
18256,1,2,1,3,2,17100.0,16,1
47671,0,2,1,45,27,58654.0,14,1
60245,1,2,1,10,4,52769.0,6,1
59564,0,1,1,30,20,127972.0,4,0
45478,1,2,1,4,2,4788.0,17,1
2828,0,2,1,24,14,39996.0,11,0
32424,0,2,1,20,9,56460.0,8,0
57308,1,3,1,14,9,93701.0,17,1
37081,1,3,1,13,5,38976.0,6,0
66456,0,3,1,20,17,116760.0,10,0
21738,0,3,1,30,20,85433.0,8,0
9694,1,1,1,10,3,38916.0,17,1
63154,1,3,1,6,6,40205.0,14,0
22607,1,2,1,5,3,56723.0,10,0
20711,1,3,1,18,12,75936.0,8,0
52233,0,2,1,38,25,29893.0,33,1
13667,1,1,1,16,9,36753.0,8,0
13070,0,1,1,22,20,108098.0,15,0
18512,1,2,1,8,5,18850.0,11,1
37570,1,2,1,7,5,28128.0,17,1
54807,0,2,1,16,14,120000.0,14,0
51874,1,2,1,5,1,5184.0,14,1
7638,1,0,1,8,4,115000.0,7,1
27524,1,3,1,10,7,124000.0,2,0
59005,1,2,1,12,3,67548.0,11,1
54690,0,3,0,35,32,190000.0,11,1
2314,1,3,1,20,12,77483.0,21,1
49233,1,2,1,8,2,35832.0,21,1
13352,1,2,1,2,1,4944.0,5,0
35549,1,2,1,8,4,8377.0,18,1
48994,1,2,1,12,9,52608.0,15,1
39842,1,0,1,15,10,54000.0,10,1
4352,1,1,1,9,2,75631.0,18,1
32630,1,3,1,7,5,129718.0,35,1
40685,0,2,1,20,10,117624.0,17,1
54310,1,1,1,5,4,86868.0,7,0
53135,0,0,1,11,6,75000.0,4,0
45166,1,1,1,2,1,28794.0,5,0
38173,1,2,1,7,3,65000.0,10,0
29201,1,2,1,26,8,49765.0,19,1
60537,0,2,1,19,16,53880.0,18,1
57042,0,4,1,17,9,75725.0,2,0
54591,1,0,1,2,0,72594.0,15,0
28341,1,2,1,13,5,31032.0,21,1
13602,0,3,1,38,20,89189.0,6,1
43292,1,3,1,9,5,70935.0,20,1
26481,0,2,1,17,14,62352.0,21,1
8542,0,2,1,25,14,28824.0,19,1
14822,1,1,1,15,11,74588.0,29,1
970,1,1,1,10,4,17868.0,14,1
55607,0,3,1,12,8,72000.0,16,0
25942,1,1,1,3,2,46320.0,19,1
41743,1,1,1,5,5,128904.0,16,0
15111,1,2,1,7,2,9732.0,15,1
52741,1,3,1,7,3,63600.0,14,0
43100,1,3,1,17,15,65436.0,6,1
24533,1,3,1,5,3,350.0,24,1
44030,1,2,1,15,10,27756.0,9,1
52667,1,2,1,2,1,60000.0,8,0
45216,1,2,1,8,5,36468.0,2,0
66545,0,2,1,40,30,207000.0,3,0
49179,1,2,1,5,5,57588.0,13,0
56759,1,2,1,20,16,74651.0,20,1
43432,0,2,1,26,24,60312.0,17,1
26614,1,2,1,4,3,10471.0,15,1
67158,0,0,1,20,20,41556.0,12,0
16729,1,3,0,8,4,76764.0,12,1
47811,0,1,1,40,27,132000.0,16,1
26087,1,2,1,6,5,221000.0,14,0
8711,1,1,1,11,8,113268.0,11,1
7907,1,2,1,5,3,9792.0,8,0
61321,1,2,1,17,4,96180.0,15,1
42050,1,2,1,5,2,74651.0,20,1
44039,1,3,1,14,4,74651.0,7,1
51991,0,3,1,20,20,143750.0,10,0
17205,1,2,1,22,14,120000.0,16,1
7299,1,2,1,9,3,24420.0,8,0
25982,0,2,1,38,25,90586.0,6,0
4642,1,2,0,15,8,130000.0,5,0
12156,0,2,1,16,11,19956.0,10,1
45222,1,3,1,13,4,57588.0,18,1
29880,1,2,1,9,4,18300.0,16,1
39891,0,4,0,12,8,46533.0,2,0
22632,1,1,1,5,0,15564.0,14,0
38379,0,3,1,6,2,54049.0,7,0
34427,0,3,1,26,18,48644.0,8,0
15305,0,2,0,29,24,116917.0,13,0
35804,1,2,1,11,10,123000.0,4,0
28991,1,1,1,4,2,16704.0,16,1
51628,1,2,1,14,10,210000.0,19,1
22091,0,4,1,15,10,61368.0,15,0
44217,1,2,1,9,6,69645.0,17,1
45129,1,2,1,8,3,79983.0,3,0
63111,1,0,1,9,6,83182.0,16,1
50561,0,0,1,17,15,44796.0,14,1
3425,0,2,1,25,15,187426.0,2,0
57100,1,2,1,6,4,13212.0,6,0
41693,1,0,1,18,7,74651.0,16,1
24702,1,2,1,8,2,38976.0,9,1
50963,1,3,1,6,4,53322.0,11,0
5371,0,3,1,30,25,36444.0,12,0
22323,1,2,1,2,0,37834.0,17,1
22311,1,2,1,7,7,16754.0,11,0
35974,1,1,1,13,4,28860.0,10,0
53151,1,2,1,5,5,42463.0,16,1
1696,1,4,1,18,4,80928.0,11,1
53394,1,2,1,12,6,55458.0,24,1
62976,1,3,1,12,10,138756.0,18,0
13380,0,2,1,23,20,54455.0,11,0
56891,1,1,1,16,4,40956.0,13,1
18304,0,1,1,25,13,151263.0,11,0
20509,1,2,1,25,9,66716.0,12,0
30582,0,2,1,23,18,115000.0,30,1
33103,1,0,1,7,3,35028.0,6,0
37830,1,2,1,7,7,13068.0,6,0
4342,1,2,0,4,4,85000.0,2,0
51841,1,2,1,10,5,18576.0,4,0
46040,1,2,1,8,3,20784.0,15,1
45232,1,2,1,7,4,7979.0,10,1
58106,0,2,1,16,13,54840.0,13,1
36227,1,3,1,13,8,5028.0,12,0
3352,0,2,1,31,20,113447.0,7,0
22247,1,3,1,6,3,5028.0,7,0
69515,1,2,1,10,5,12897.0,19,1
61260,1,2,1,5,1,23436.0,16,1
68682,1,2,0,11,6,90647.0,19,1
7140,1,2,1,4,0,8376.0,20,1
23651,0,0,0,35,31,140527.0,16,1
5132,1,1,1,3,0,2508.0,6,0
60740,1,0,1,18,14,70380.0,23,1
56959,1,2,1,4,2,51189.0,19,1
3447,0,2,1,27,12,135000.0,22,1
22799,0,2,0,27,12,1.0,6,0
58701,1,0,1,4,1,1704.0,8,1
38639,0,2,1,12,10,75240.0,18,1
9752,0,1,1,25,13,125000.0,13,1
65005,1,2,1,7,1,7212.0,19,1
46542,0,4,1,45,15,180000.0,5,0
65586,1,2,1,7,2,42657.0,14,1
16968,1,3,1,10,6,75000.0,20,1
4300,1,1,1,5,2,19440.0,22,1
44015,0,2,1,25,21,80868.0,12,1
55547,1,2,1,14,3,34551.0,18,1
13624,1,2,1,11,5,32429.0,18,1
15662,0,3,1,40,30,150000.0,20,1
4618,0,3,1,10,9,60129.0,17,1
41908,1,2,0,6,4,105000.0,7,0
25214,0,3,1,19,10,41885.0,7,1
33640,1,2,1,4,1,6144.0,14,1
59501,1,2,1,5,3,6240.0,14,0
26889,1,1,1,5,3,18708.0,13,0
41279,1,1,1,14,8,113075.0,26,1
53750,1,2,1,11,7,117308.0,11,1
65726,1,3,1,13,8,190000.0,31,1
1647,0,2,1,25,18,109871.0,13,1
54835,0,1,1,25,12,50256.0,7,1
66928,1,3,1,10,7,53748.0,4,0
30953,1,2,1,4,4,201048.0,16,1
65713,1,2,1,4,0,90000.0,12,1
39532,1,1,1,6,4,45396.0,6,0
68606,1,2,1,6,2,41964.0,12,1
55044,1,2,0,7,5,67233.0,10,0
24143,1,3,1,12,6,28800.0,8,0
32681,1,3,1,7,4,72398.0,10,0
20555,0,2,1,13,9,34596.0,8,0
65363,1,2,1,11,11,80000.0,15,1
22174,1,3,1,6,3,6732.0,8,0
62504,0,1,1,18,17,67602.0,14,1
54779,0,1,1,18,10,67186.0,20,1
28462,1,2,1,6,3,27492.0,9,1
48313,1,3,1,2,1,56521.0,23,1
23324,0,1,1,20,16,71093.0,9,1
26517,1,3,1,16,12,165000.0,6,0
21768,1,1,1,6,4,10596.0,17,1
4201,1,2,1,11,6,45396.0,9,0
27973,0,2,1,21,13,77685.0,22,1
16671,0,2,1,20,7,78912.0,7,0
43399,1,3,1,10,5,44790.0,8,0
37162,0,2,0,27,17,140000.0,5,1
63408,1,2,1,15,5,58654.0,14,1
56786,0,2,1,13,10,71451.0,15,0
22390,1,3,1,7,5,45401.0,6,0
52394,1,2,1,10,6,180000.0,13,0
53533,0,2,1,19,11,73051.0,16,0
18142,1,2,1,16,7,45600.0,13,1
52130,1,0,1,6,3,40956.0,19,1
22120,1,2,1,15,10,92492.0,14,0
13884,1,2,1,15,12,18000.0,33,1
64809,0,2,1,18,16,64704.0,23,1
46745,0,4,1,12,8,80000.0,12,0
8481,1,2,1,8,8,41508.0,20,1
49929,1,2,1,7,3,44790.0,20,1
16231,1,2,1,9,5,15216.0,12,1
34547,1,2,1,14,10,10992.0,21,1
42220,1,2,1,7,4,63694.0,9,0
27265,1,3,0,12,7,46533.0,13,0
1418,0,3,1,30,28,105072.0,13,1
53569,1,3,1,14,9,12381.0,10,0
29862,1,2,1,17,17,81074.0,5,0
33337,0,1,1,28,21,100000.0,10,0
37950,1,2,1,6,2,160000.0,1,0
28235,0,3,1,21,20,64630.0,19,1
57572,1,3,1,5,3,31176.0,10,0
24592,0,3,1,8,3,67021.0,13,1
31039,1,2,1,5,2,27336.0,14,1
47025,1,2,1,13,9,150000.0,19,1
4453,1,2,1,5,1,11640.0,25,1
69108,1,3,1,6,6,94644.0,10,0
41091,1,2,1,6,3,43512.0,5,0
38898,1,0,1,10,9,24744.0,26,1
22798,1,2,1,4,2,56723.0,10,0
29241,0,2,1,20,13,45376.0,16,1
63931,1,2,1,4,1,33260.0,30,1
20594,1,1,0,14,0,5664.0,2,0
4363,1,2,0,20,15,125000.0,8,0
40694,1,1,1,15,14,56400.0,16,1
50534,1,2,1,13,10,130000.0,16,1
34038,0,2,1,26,20,97288.0,22,1
18543,1,2,1,9,5,4740.0,13,0
50361,0,3,1,25,16,60000.0,14,1
28036,1,3,1,11,6,37834.0,14,1
55397,1,2,1,8,4,46068.0,8,0
42806,1,2,1,6,5,168600.0,4,0
48278,0,2,0,25,8,130000.0,5,0
34828,1,2,1,5,1,9228.0,25,1
65217,1,2,1,9,7,51192.0,24,1
25184,1,3,1,8,4,45396.0,18,1
2273,1,2,1,15,8,190000.0,15,1
4860,0,2,1,35,15,167024.0,11,0
11692,1,0,1,13,3,28105.0,23,1
13042,1,2,1,4,1,2508.0,33,1
15209,1,4,0,9,6,47826.0,4,0
26900,1,2,1,6,2,6228.0,15,0
1080,0,3,1,38,25,129000.0,20,1
20201,0,2,1,35,30,60000.0,14,0
65268,0,3,1,12,9,90647.0,10,1
41106,1,2,1,7,2,13560.0,11,0
16986,1,3,1,14,5,48070.0,16,0
46746,1,4,1,12,10,111000.0,5,0
10935,0,2,1,16,10,32376.0,23,1
19479,0,1,1,15,13,218000.0,13,1
69297,1,0,1,6,5,56675.0,9,1
14425,1,2,1,8,2,194526.0,1,0
59688,1,2,1,5,3,2403.0,26,1
23567,1,3,1,10,7,83512.0,17,1
21058,1,3,1,15,7,64859.0,16,1
35929,0,2,1,25,13,62000.0,7,0
31243,1,2,1,5,1,10344.0,4,0
62956,0,2,1,23,23,149958.0,19,1
48974,0,3,1,29,20,25596.0,19,1
55906,1,2,1,6,4,37320.0,17,1
25982,0,2,1,38,25,90586.0,6,0
27199,1,2,1,6,0,36144.0,16,1
15579,1,2,1,10,5,12000.0,15,1
31372,0,2,1,6,5,200000.0,16,0
10454,1,3,0,13,4,60984.0,8,0
20764,1,2,1,15,1,42864.0,20,0
14250,1,2,1,7,3,27923.0,13,0
63194,1,4,1,16,4,20472.0,17,1
59933,1,1,1,10,8,85315.0,28,1
16015,0,3,1,28,25,56616.0,12,1
23487,0,2,0,23,22,88944.0,4,0
37190,1,3,1,12,10,110000.0,14,1
50198,1,0,0,9,7,84000.0,25,1
20090,1,2,1,19,9,76968.0,14,0
18832,0,4,1,19,14,84019.0,11,0
47011,1,2,1,12,4,195210.0,9,0
29773,0,2,0,1,1,15564.0,5,0
9542,0,2,1,31,12,109000.0,13,1
35224,0,2,1,14,10,51888.0,12,0
7865,1,3,1,17,11,112504.0,12,1
11836,1,2,1,12,5,56211.0,19,1
17657,0,2,1,10,10,44100.0,13,1
55543,1,0,1,15,6,40524.0,29,1
7594,0,2,1,20,15,77831.0,8,0
68879,0,1,1,25,23,160000.0,6,0
17883,1,3,1,9,4,57898.0,6,0
5465,0,2,1,28,23,48852.0,12,0
45022,1,3,1,12,10,85315.0,24,1
45418,0,3,1,20,12,28152.0,8,1
25625,1,2,1,13,7,57157.0,10,0
16037,1,2,1,20,15,51888.0,14,1
60987,1,2,0,2,1,6552.0,7,0
41036,0,3,1,24,20,68252.0,4,0
35175,0,2,1,20,16,67478.0,5,0
55752,1,2,1,14,11,65616.0,5,0
19527,1,2,0,6,4,49439.0,3,0
44541,1,0,1,10,9,41591.0,16,1
61925,1,2,1,4,0,3224.0,5,0
58015,1,2,1,5,0,67000.0,22,1
8054,1,2,1,9,2,5664.0,6,1
60740,1,0,1,18,14,70380.0,23,1
61455,1,2,1,15,11,90000.0,10,1
5414,1,0,1,10,5,151263.0,11,1
5770,1,3,0,3,3,10932.0,4,0
12782,1,3,0,3,0,16212.0,0,0
60372,0,3,1,15,13,13608.0,7,0
30739,0,2,1,25,18,215549.0,13,0
11702,0,1,1,36,23,55776.0,16,1
3887,1,2,1,18,12,84316.0,24,1
50864,1,1,1,5,4,40000.0,16,1
57559,1,2,1,6,3,36000.0,8,0
8275,0,2,1,20,15,50806.0,12,1
60969,0,2,1,16,12,97605.0,4,0
4650,1,2,0,15,1,90000.0,14,1
60358,1,3,1,13,6,40098.0,6,0
15164,0,2,1,34,23,90482.0,12,0
558,1,1,1,8,4,144000.0,16,0
39297,1,2,0,14,12,160000.0,11,1
21380,1,3,1,20,9,79776.0,8,0
8745,1,1,1,6,1,23.0,23,1
64315,1,2,1,15,6,53322.0,11,0
60895,1,3,1,0,2,58654.0,15,1
25226,1,3,1,10,5,200000.0,17,1
19498,1,2,1,8,3,62500.0,13,1
38193,1,2,1,12,9,34904.0,14,1
56871,0,1,1,20,12,33252.0,17,1
67890,0,3,1,20,20,160000.0,9,1
7959,1,1,1,3,0,18096.0,8,0
17431,0,2,1,20,13,69804.0,16,1
9724,1,2,1,10,5,41508.0,7,0
39434,1,2,1,6,2,6000.0,8,0
60452,1,3,1,8,8,54388.0,8,1
27515,1,1,1,9,7,78000.0,18,1
49032,1,2,1,8,4,69318.0,38,1
67442,1,1,1,20,16,37692.0,14,0
56491,1,3,1,9,0,37325.0,12,0
11418,0,3,1,37,23,25944.0,22,1
2379,1,2,1,8,1,39024.0,8,1
36741,0,2,1,21,15,81074.0,8,0
34482,1,2,1,7,5,106000.0,20,1
37968,1,3,1,3,2,45241.0,12,1
30718,0,3,1,23,17,34360.0,9,0
5578,1,2,1,15,6,64287.0,7,0
54874,1,3,1,12,11,180000.0,16,1
27202,1,3,1,5,2,396.0,14,1
40777,1,2,1,11,8,120000.0,12,1
48559,1,3,1,7,5,15480.0,16,0
50217,1,2,1,15,10,135000.0,19,1
31497,1,3,1,15,6,91883.0,26,1
9738,0,2,1,24,20,130000.0,17,1
6209,1,3,1,15,9,64548.0,7,0
57857,1,2,1,15,10,4800.0,38,1
8212,1,0,1,5,5,16920.0,21,1
8331,1,2,0,14,11,16752.0,12,1
61373,0,2,1,35,30,175000.0,29,1
11117,0,1,1,30,10,64630.0,13,0
61680,1,1,1,17,9,109128.0,3,0
19735,1,0,1,18,15,37834.0,33,1
64387,1,0,1,5,2,11220.0,13,0
42496,1,2,1,13,5,134465.0,20,1
43698,0,3,1,42,12,94230.0,5,0
11877,1,2,1,12,3,64548.0,21,1
12346,1,2,1,10,6,13992.0,13,1
60948,0,2,1,36,32,44790.0,15,1
52830,1,2,1,7,4,63984.0,5,0
42880,1,3,1,7,5,9664.0,21,1
48426,1,2,1,7,3,12897.0,8,0
23301,0,2,1,25,8,93000.0,10,0
29392,0,3,1,20,17,101000.0,11,0
66669,1,4,0,18,5,200000.0,2,0
63202,0,3,0,22,5,96759.0,2,0
60615,1,2,1,11,6,55500.0,9,0
60652,1,3,1,9,7,39.0,1,0
48572,0,3,1,25,20,101312.0,3,0
58266,0,3,1,50,40,200000.0,7,0
30527,0,2,1,24,10,111000.0,17,1
10949,1,1,1,6,4,45656.0,15,0
39163,1,2,1,12,5,10380.0,14,0
6823,1,2,1,12,7,36000.0,10,1
65724,1,3,1,10,0,74784.0,4,0
21453,0,3,1,20,13,77225.0,6,0
7118,0,3,1,18,18,129718.0,34,1
20654,1,2,1,7,1,51887.0,11,0
58226,1,1,1,4,4,42000.0,10,1
3958,1,2,1,11,7,84312.0,7,0
31608,0,3,1,20,10,195000.0,41,1
65281,1,1,1,2,1,4440.0,8,0
54223,1,2,1,6,1,39576.0,23,1
45236,1,1,1,8,6,49932.0,16,0
29405,1,3,1,8,2,67194.0,8,0
51600,0,0,1,41,40,109306.0,11,0
52589,1,4,1,17,10,67548.0,1,0
22607,1,2,1,5,3,56723.0,10,0
22952,1,2,1,6,2,130000.0,13,0
14665,0,4,1,10,5,15396.0,18,1
14722,1,1,1,4,1,1236.0,35,1
29939,1,2,1,8,6,34356.0,23,1
36848,1,2,0,2,0,100000.0,12,1
20412,1,2,1,11,8,13836.0,15,1
48025,0,2,1,20,14,92000.0,9,0
60384,1,2,1,6,0,79983.0,20,1
36570,1,1,1,22,10,46764.0,8,0
16392,1,2,1,4,0,2580.0,7,0
69898,1,2,1,8,4,40956.0,18,1
18289,0,1,1,34,22,41362.0,6,0
46176,1,2,1,6,5,69318.0,12,0
47110,0,3,1,18,16,63984.0,16,1
27144,1,2,1,11,8,51887.0,17,1
20450,1,2,1,13,11,48866.0,7,0
44834,1,2,1,15,9,27780.0,29,1
67643,1,1,1,3,1,11328.0,16,1
33352,0,2,1,34,21,84316.0,12,0
16017,0,1,1,8,7,46891.0,15,1
11693,1,2,1,4,4,6300.0,5,0
29324,1,1,1,11,5,24744.0,8,0
16578,0,3,1,24,17,30240.0,14,1
10229,1,1,1,6,1,45241.0,10,0
63740,1,2,1,13,9,37500.0,16,1
29558,1,2,1,4,0,4128.0,12,1
7885,1,3,1,7,2,75669.0,6,0
64044,1,2,1,20,9,109500.0,2,0
59272,0,0,1,2,1,38924.0,3,0
15628,0,2,1,20,20,150000.0,22,0
52925,0,4,1,38,32,169613.0,15,1
8629,1,1,1,8,0,8000.0,8,0
38150,1,2,1,13,9,32988.0,7,0
41528,0,2,1,23,19,130000.0,7,0
12039,1,2,1,5,1,10471.0,23,1
63413,1,0,1,6,1,32712.0,15,1
11312,0,2,1,20,13,86853.0,6,0
51405,0,3,0,8,1,66000.0,24,1
36409,1,2,1,13,13,19752.0,25,1
31616,0,1,1,44,36,140000.0,14,0
4662,1,2,1,15,11,37104.0,11,0
8821,1,3,1,10,2,60535.0,13,0
65548,0,1,1,17,15,30408.0,17,1
33209,1,0,1,5,3,25980.0,17,1
45913,1,0,1,5,4,12792.0,32,1
3101,0,2,1,12,9,48644.0,5,0
9651,1,0,1,10,8,128880.0,17,1
51036,1,2,1,16,2,45858.0,21,1
57244,0,3,1,25,20,37392.0,7,0
68094,1,3,1,13,9,11964.0,3,0
31032,0,1,1,8,2,26974.0,6,0
49753,0,4,0,38,38,37699.0,9,0
5812,1,3,1,10,8,3420.0,8,0
31754,1,2,1,9,5,45396.0,31,1
57614,1,1,1,4,2,5028.0,8,1
4485,1,2,1,13,9,155000.0,12,0
24854,0,2,0,42,34,103408.0,10,1
29360,0,2,0,25,15,103408.0,15,1
38049,1,3,0,6,5,20616.0,6,0
8378,1,2,1,11,8,36000.0,5,0
37438,0,0,1,5,3,1573.0,91,1
33044,1,2,1,10,8,6360.0,3,0
36159,0,4,0,29,15,108098.0,9,0
29359,1,1,1,5,2,24018.0,16,1
30778,0,2,1,6,3,81000.0,14,1
51870,0,2,1,15,15,94104.0,12,0
5825,0,2,0,13,11,66828.0,22,1
17535,1,2,1,10,6,80340.0,10,0
18325,0,2,1,19,16,116917.0,7,0
25479,1,0,1,10,8,41508.0,12,1
32227,0,3,1,18,11,108098.0,25,1
18084,0,2,1,37,20,68507.0,19,1
56416,0,2,0,42,38,101312.0,7,0
61031,0,1,1,16,9,21600.0,17,1
63643,1,1,1,6,5,78084.0,10,1
23411,1,2,1,14,10,38916.0,20,0
44302,1,2,1,14,6,63986.0,14,1
34727,1,2,1,5,1,4620.0,7,0
617,0,4,0,42,25,160000.0,10,1
63968,0,1,1,41,23,135000.0,16,1
49470,1,2,1,8,6,80000.0,34,1
22582,0,1,1,20,20,200000.0,14,0
54600,0,3,1,20,16,195000.0,26,1
56818,1,2,1,13,8,61853.0,16,1
57649,1,2,1,14,9,200000.0,9,0
64939,0,3,1,34,24,56521.0,6,0
46227,1,1,1,6,4,15053.0,42,1
19143,0,2,1,24,16,38136.0,11,1
16709,1,2,1,4,2,9216.0,12,0
46778,1,2,1,15,15,185000.0,33,1
12361,1,1,1,10,5,120000.0,38,1
31441,1,1,1,11,8,64859.0,36,1
18199,1,3,1,11,7,42139.0,19,1
27322,1,3,1,17,11,102693.0,8,0
3979,1,2,1,3,3,70000.0,14,1
33608,1,2,1,8,5,115000.0,9,0
35698,1,1,1,4,3,24864.0,7,0
20021,0,1,1,15,10,90000.0,20,1
35119,1,3,1,4,2,62878.0,6,0
3562,1,2,1,14,2,12924.0,18,1
542,1,0,1,3,1,23352.0,18,1
1530,0,4,0,10,5,51704.0,8,0
16701,1,3,1,1,0,53760.0,17,1
61552,1,2,1,19,11,172000.0,18,1
36749,0,3,1,20,10,122736.0,6,0
23775,1,2,1,13,7,15564.0,14,1
60587,0,3,1,19,15,55800.0,13,1
21379,1,2,1,15,9,64859.0,9,1
56896,1,1,1,7,5,86088.0,10,0
39096,1,2,1,7,1,10052.0,36,1
24693,1,2,1,7,3,5028.0,19,1
24980,1,1,1,10,7,84019.0,9,0
27584,1,3,1,8,5,12984.0,9,0
37982,1,2,1,11,6,21996.0,12,1
19838,0,1,1,25,15,122580.0,14,1
38144,1,2,1,7,3,41618.0,9,0
66002,0,2,1,28,26,81263.0,19,1
51407,1,2,1,10,4,101832.0,12,1
44851,1,2,1,6,1,3864.0,33,1
52605,1,0,1,13,6,32760.0,52,1
43691,0,3,1,34,15,32244.0,14,1
30579,1,3,1,11,0,71208.0,15,1
6415,1,1,1,2,0,25944.0,7,0
18462,1,2,1,6,0,41600.0,18,1
8189,1,2,1,13,7,51888.0,18,0
66276,1,0,1,12,7,27420.0,30,1
58675,1,2,1,12,10,123500.0,13,1
36802,1,1,1,8,6,82848.0,12,0
11484,1,1,1,13,4,87418.0,21,1
32596,1,3,1,11,3,25788.0,12,1
47105,1,1,1,4,0,5856.0,13,1
17636,0,3,1,15,12,97288.0,23,1
53449,1,3,1,7,2,113075.0,2,0
53482,0,3,1,20,13,152628.0,14,0
3810,1,2,1,16,6,200000.0,24,1
16408,1,3,1,7,2,22644.0,17,0
48459,1,2,1,12,7,117898.0,18,1
13358,1,2,1,14,6,34800.0,18,1
17428,0,2,1,37,33,140000.0,14,1
18281,1,2,1,8,5,78000.0,11,0
68432,1,2,1,5,2,11607.0,14,0
9580,0,2,1,13,13,76789.0,10,0
18927,0,2,1,10,0,12264.0,5,0
37641,1,3,1,10,2,54480.0,9,0
44115,1,3,1,9,6,72732.0,8,0
62062,1,2,1,10,1,26407.0,12,0
23497,0,3,0,12,8,82854.0,0,0
65399,1,2,1,10,5,54921.0,18,1
50610,0,2,1,25,22,197000.0,15,1
38833,1,3,1,5,5,90482.0,10,0
33358,1,1,1,18,11,70000.0,22,1
25127,1,2,1,15,11,125000.0,5,0
53372,1,3,1,7,2,77850.0,15,1
6553,1,2,1,7,4,95000.0,7,0
35218,1,3,1,10,2,63237.0,16,1
23373,0,3,1,28,18,135000.0,9,1
18000,1,2,1,11,2,115000.0,15,1
54284,1,2,1,5,2,89676.0,19,1
56675,1,0,1,3,2,15477.0,13,0
49344,0,2,1,10,9,53322.0,13,0
1192,0,3,1,15,13,40000.0,11,1
38248,0,2,1,24,21,220000.0,13,0
60623,0,1,1,18,16,40968.0,6,0
38534,1,1,1,10,3,14544.0,16,1
1015,1,3,1,15,7,184092.0,16,0
64170,0,2,1,28,28,180000.0,13,1
54328,0,3,1,15,9,106644.0,14,1
46915,0,2,1,20,15,185000.0,10,0
144,0,1,1,30,20,77832.0,10,0
2260,1,2,0,3,0,55600.0,16,1
68462,1,2,1,11,11,94230.0,21,0
54503,1,2,1,8,4,28374.0,10,0
12212,1,2,1,5,4,26928.0,18,0
63785,1,1,1,1,0,7476.0,10,1
57206,1,3,1,15,9,99000.0,4,0
5972,1,3,1,17,11,83236.0,15,0
51900,1,3,1,6,4,48144.0,10,0
18413,0,2,1,30,19,213791.0,15,0
38728,0,2,1,22,16,86004.0,11,0
18694,0,2,1,15,12,78156.0,21,1
16765,0,2,1,20,20,11916.0,14,0
17543,1,1,0,6,4,7200.0,10,0
40139,1,2,1,8,3,82000.0,10,1
52358,0,2,1,17,13,131000.0,16,1
26515,1,3,1,10,7,20940.0,12,1
38728,0,2,1,22,16,86004.0,11,0
32476,1,2,1,12,3,29832.0,18,1
62991,1,2,1,13,11,29820.0,11,1
42936,0,3,1,26,21,155129.0,30,1
3902,1,2,1,4,2,9324.0,11,0
48006,0,3,1,17,14,66240.0,18,1
49584,1,3,0,6,5,5568.0,3,0
69422,0,1,1,24,19,41625.0,10,0
22226,1,2,1,5,1,1675.0,2,0
5289,1,3,1,10,4,48562.0,5,0
25972,0,2,1,24,14,155000.0,6,0
69817,1,2,1,5,2,90000.0,14,1
44309,0,2,1,32,28,3120.0,8,0
1036,0,1,0,22,18,86478.0,19,1
48669,1,2,1,10,5,136308.0,9,0
60655,1,2,1,14,12,110000.0,14,1
49893,1,2,1,8,5,120000.0,11,0
53392,1,2,1,6,2,28272.0,9,1
64376,1,1,1,10,8,140000.0,14,0
50316,1,2,0,4,2,92000.0,2,0
9790,1,1,1,11,2,12924.0,12,1
46509,1,2,1,11,10,155000.0,44,1
32193,1,2,1,7,4,7068.0,24,1
51811,0,2,1,33,25,213287.0,7,0
13048,1,3,1,7,6,81433.0,6,0
48680,1,1,1,6,6,18576.0,14,1
35331,1,2,1,5,2,49092.0,14,0
39388,1,2,1,10,4,43281.0,13,0
56175,1,2,1,5,4,36375.0,6,0
14184,1,2,1,8,8,33142.0,17,1
25511,0,2,1,11,10,133000.0,11,0
25287,0,2,0,23,21,70000.0,11,1
50171,1,2,1,9,5,45096.0,6,0
37721,0,2,0,6,4,92184.0,5,0
48353,1,2,1,14,7,200000.0,7,0
9873,0,2,1,35,21,68748.0,13,1
5433,0,0,0,17,15,102501.0,12,1
46132,1,3,1,4,4,53322.0,11,0
36824,1,3,1,12,8,54935.0,27,1
28372,1,2,1,7,4,15096.0,12,0
16861,1,2,1,2,0,4608.0,17,1
63620,0,2,1,21,14,95979.0,8,1
1659,1,1,1,5,2,24000.0,17,0
58181,1,2,1,16,12,210000.0,27,1
46059,1,2,1,12,10,86000.0,7,0
14204,0,0,1,18,10,44400.0,11,0
8748,0,1,1,15,8,24000.0,14,0
5558,1,2,1,27,12,116333.0,22,1
34016,1,3,1,20,8,108100.0,22,1
56991,0,2,1,23,19,121518.0,21,1
3174,1,1,1,10,5,14400.0,11,0
39429,1,2,1,5,3,38916.0,16,1
3208,1,2,1,5,2,46740.0,17,1
35447,1,3,1,5,0,2513.0,9,0
44449,1,2,1,8,6,43296.0,15,1
35531,1,3,1,7,1,39444.0,2,0
58401,1,2,1,10,6,130000.0,4,0
38249,0,2,1,10,6,81074.0,24,0
40880,1,1,1,9,6,24000.0,9,1
30331,1,2,1,3,1,56723.0,17,1
69176,1,2,1,15,10,14616.0,9,1
61356,1,2,1,7,2,73009.0,4,0
69959,0,2,1,44,37,70276.0,3,0
40533,1,0,1,8,3,45396.0,20,1
19377,1,2,1,10,7,19724.0,25,1
36228,0,4,0,34,14,120000.0,7,0
49425,0,2,1,25,12,26076.0,14,1
3080,1,2,1,3,1,10716.0,12,0
58536,1,1,1,4,0,135000.0,11,0
36228,0,4,0,34,14,120000.0,7,0
35573,0,0,1,19,15,65470.0,10,0
28022,1,2,1,3,2,80000.0,28,1
9130,1,2,1,8,5,7908.0,13,0
46259,0,2,1,20,14,17352.0,11,0
23220,1,1,1,11,8,13044.0,6,0
68435,1,2,1,16,18,103419.0,14,1
3561,1,1,0,12,6,46020.0,8,0
37063,1,1,1,6,2,3156.0,21,1
3862,0,1,1,21,21,85000.0,15,1
21968,1,3,1,16,4,121979.0,19,1
37319,1,2,1,2,0,44000.0,7,0
13542,0,1,1,25,15,127061.0,21,1
49322,1,3,1,13,3,51192.0,3,0
58969,1,2,1,13,10,70385.0,11,1
45357,0,2,1,13,9,135000.0,8,0
19533,1,2,1,6,1,3348.0,14,1
22747,1,2,1,3,2,11868.0,12,0
12257,1,2,1,9,5,113447.0,12,0
49664,1,2,1,4,2,5988.0,14,1
58348,0,1,1,12,12,106793.0,21,1
59837,0,2,1,11,11,52728.0,11,1
51961,0,3,1,10,2,85104.0,21,1
32647,0,2,1,24,23,200350.0,9,0
45541,1,2,1,8,5,69318.0,19,1
63791,1,2,1,4,0,10318.0,8,0
66232,1,3,1,14,6,195000.0,5,0
20322,1,2,1,4,2,7947.0,12,1
35018,1,1,1,30,10,190000.0,26,1
55528,1,2,1,8,2,51192.0,2,0
15727,1,2,1,3,1,6696.0,14,1
55608,1,3,1,6,5,43724.0,5,0
49767,1,2,1,11,7,50256.0,11,0
51564,0,3,1,12,10,113796.0,7,0
23017,0,2,1,15,10,20105.0,11,1
43007,0,2,1,14,12,63986.0,27,1
16121,1,2,1,10,2,27923.0,12,0
37095,1,1,1,6,0,100000.0,37,1
8042,1,1,1,12,6,45401.0,9,0
28369,0,3,1,10,5,31620.0,12,0
27178,1,2,1,7,3,61616.0,13,0
4436,0,2,1,35,15,83512.0,15,1
66431,1,3,1,7,5,21168.0,21,1
12484,0,1,1,25,20,18876.0,2,0
11751,1,2,1,6,3,13962.0,14,1
46762,1,3,1,12,7,69102.0,5,0
1562,0,2,1,15,10,80928.0,10,0
65810,1,1,1,16,12,29436.0,14,1
38525,1,3,1,7,3,18876.0,13,0
60547,1,2,1,13,7,81049.0,17,1
55163,1,3,1,11,5,14858.0,16,1
9662,0,3,1,14,11,129259.0,13,0
7914,0,1,1,27,26,36753.0,10,0
50954,1,2,1,10,6,3384.0,18,1
58865,1,2,1,13,8,37392.0,8,0
55231,1,3,1,5,3,16536.0,18,1
15073,0,4,0,5,16,27492.0,12,0
34465,1,3,1,8,3,8472.0,15,0
66114,0,3,1,25,24,78084.0,14,1
7030,0,2,1,25,18,22339.0,16,1
66156,0,2,1,23,20,96000.0,18,1
25028,1,2,1,12,6,165000.0,12,0
50757,0,1,0,28,25,200000.0,13,0
46008,1,3,1,5,4,56304.0,12,0
18303,1,0,0,0,0,10000.0,18,1
46896,1,2,1,19,5,135000.0,16,1
24959,1,3,1,5,0,19458.0,7,0
65097,1,2,1,11,5,57920.0,4,0
14461,1,2,1,7,4,2448.0,12,1
64402,1,2,1,5,1,85000.0,29,1
50169,1,3,1,8,2,47990.0,10,1
16409,0,3,1,14,11,29796.0,15,0
61519,1,3,1,15,8,157049.0,18,1
686,1,2,0,6,2,60000.0,29,1
17578,1,2,1,5,1,3888.0,23,1
43171,1,4,1,12,10,71479.0,11,0
10670,1,2,1,7,4,21192.0,15,0
56408,1,1,1,14,9,99179.0,19,1
62302,1,1,1,7,6,120000.0,19,1
15249,1,1,1,2,0,100000.0,2,0
6731,1,3,1,16,13,57732.0,19,0
57748,1,2,1,11,9,95000.0,10,1
43362,1,2,1,5,4,6384.0,23,1
60729,1,2,1,3,2,28496.0,25,1
53803,1,2,1,1,1,200000.0,8,0
12200,1,0,1,7,2,36324.0,13,0
64066,0,2,1,30,26,160000.0,16,1
19472,0,3,1,40,36,120000.0,5,0
27705,0,1,1,0,4,11724.0,4,0
6814,1,3,1,8,8,75669.0,16,1
67802,0,2,1,10,8,64008.0,17,1
29627,0,2,1,40,24,80000.0,17,1
62248,1,3,1,7,3,8700.0,14,1
2111,0,3,0,30,5,27240.0,6,0
60580,0,2,1,15,13,180000.0,19,1
2668,1,1,1,10,3,85000.0,15,1
18091,0,1,1,30,25,177000.0,10,0
28780,0,3,1,9,2,113000.0,15,0
4915,1,2,1,20,11,21996.0,25,1
66426,0,1,1,11,12,185000.0,22,1
8,0,2,1,39,21,68507.0,3,0
60613,1,3,1,10,6,27756.0,11,0
54174,1,3,1,16,10,54120.0,51,1
157,0,0,1,22,22,105000.0,6,0
19808,0,2,1,20,18,27923.0,15,1
53483,1,1,1,9,8,125544.0,36,1
30052,1,1,1,12,9,56616.0,17,1
4975,1,2,1,8,6,36000.0,15,1
46247,1,0,1,8,5,60144.0,11,1
34351,1,2,1,8,1,10860.0,16,1
61028,1,2,1,12,6,17448.0,7,0
7846,1,3,1,15,12,123312.0,11,1
16365,0,3,1,30,20,108098.0,4,0
27619,0,3,1,5,4,165000.0,15,0
24057,0,3,1,22,11,75669.0,8,0
30497,0,1,1,33,27,190000.0,21,0
34401,1,2,1,6,4,5196.0,22,1
20701,1,2,0,20,5,67092.0,10,0
39070,1,3,1,10,8,108098.0,20,1
23486,0,2,1,35,30,160343.0,16,1
10641,1,3,0,16,13,27492.0,19,1
48927,0,3,1,15,5,113761.0,10,0
19695,1,3,1,8,3,22496.0,16,1
53924,0,1,1,36,29,66652.0,10,0
3452,1,2,1,20,11,210000.0,15,0
44098,0,3,1,30,25,12792.0,3,0
19253,1,0,1,4,2,72500.0,18,1
28593,1,3,1,10,3,6468.0,8,0
53693,1,3,1,14,8,93335.0,8,0
2294,0,2,1,22,17,30267.0,9,1
29087,0,2,1,32,22,49944.0,10,0
3693,1,3,1,24,8,64751.0,6,0
61150,0,2,1,27,23,220391.0,17,1
48600,0,1,1,20,8,62820.0,7,0
32172,0,3,1,20,17,14244.0,22,1
45252,1,3,1,14,8,38388.0,12,1
52707,1,2,1,8,4,99288.0,26,1
66340,1,3,1,8,6,30000.0,2,0
63232,0,2,1,7,15,42657.0,14,1
16512,0,2,0,20,17,58639.0,8,0
37806,0,1,1,27,23,77832.0,7,0
28214,1,3,1,3,3,89000.0,14,1
66033,1,2,1,15,11,63986.0,12,1
68513,1,1,1,11,4,49908.0,26,1
33483,1,2,0,7,0,70150.0,6,0
8655,0,2,0,14,14,106895.0,10,1
28890,1,3,1,12,4,86316.0,14,1
49774,0,2,1,22,20,80000.0,9,0
18052,1,2,1,11,12,62318.0,6,0
62308,1,2,1,8,3,100000.0,20,1
19540,1,2,1,5,2,98802.0,23,1
44354,1,2,1,7,4,147072.0,5,0
15419,1,1,1,14,10,21168.0,10,0
65782,1,1,1,13,11,56088.0,14,1
53293,0,0,1,22,20,113234.0,18,1
62993,1,3,1,13,8,42717.0,8,0
3730,0,2,1,20,14,71850.0,15,1
42818,1,3,1,15,11,120000.0,13,1
38629,1,2,1,2,0,15924.0,9,0
26199,0,2,1,45,44,115000.0,4,0
16927,1,1,1,12,6,59304.0,25,1
50396,1,2,1,10,5,90000.0,10,0
28153,0,2,1,19,13,49119.0,5,0
57376,0,3,1,10,5,97605.0,4,0
35535,1,2,1,10,9,180000.0,16,0
59120,1,2,1,22,13,115800.0,17,1
47594,1,2,1,7,3,12468.0,14,1
52246,1,2,1,15,11,74460.0,12,1
15057,0,2,1,7,6,170000.0,12,0
19726,1,3,1,12,4,58167.0,17,0
33331,1,3,1,17,7,56496.0,23,1
5274,0,3,1,30,13,86853.0,18,1
15842,1,1,1,16,11,100992.0,15,1
9904,0,3,1,14,12,153000.0,11,0
16602,0,2,1,20,10,85608.0,7,1
41623,1,2,1,10,4,57588.0,24,1
4630,1,2,1,5,1,78000.0,9,0
46445,1,2,1,12,9,119357.0,24,1
39431,1,0,1,3,2,14916.0,7,0
22220,1,2,1,6,3,17292.0,3,0
3718,1,0,1,8,7,105072.0,5,0
64644,0,1,1,3,2,5200.0,9,0
19069,1,2,1,3,0,4900.0,12,0
42226,1,2,1,16,12,150000.0,7,0
41918,1,2,1,12,0,26384.0,8,0
28603,0,2,1,22,19,90193.0,17,1
61460,1,2,1,4,2,10296.0,21,1
53866,1,2,1,8,7,38692.0,12,0
42643,1,3,1,10,5,72732.0,6,1
62347,1,2,1,4,1,68000.0,19,1
7167,1,2,0,10,5,36193.0,11,1
35737,1,2,1,21,12,170000.0,8,1
1041,0,2,1,13,13,156000.0,7,0
50448,1,3,1,4,3,19200.0,8,0
20509,1,2,1,25,9,66716.0,12,0
60823,0,2,1,22,17,28680.0,10,0
69859,1,2,1,5,5,200000.0,8,0
28060,1,3,1,17,10,54206.0,3,0
24856,1,2,1,20,8,24000.0,16,0
50268,0,3,1,22,18,69318.0,10,1
38486,0,2,1,21,12,120000.0,4,0
65119,1,0,1,5,0,17063.0,14,1
46440,1,3,1,2,2,26400.0,17,1
43202,1,3,1,6,1,38392.0,18,1
37329,0,2,1,31,22,185000.0,24,1
16633,0,3,1,27,17,118908.0,11,1
58558,0,2,1,8,6,24000.0,3,0
48327,1,2,1,8,4,156000.0,10,1
68289,0,2,0,21,6,69102.0,7,0
53158,1,2,1,5,2,54494.0,17,1
9763,0,3,1,17,15,132283.0,17,1
50422,1,2,1,13,13,110000.0,14,1
13493,1,3,1,8,3,48644.0,13,1
15103,1,2,1,5,2,38916.0,2,0
700,0,2,1,30,26,150000.0,13,0
26143,1,2,1,13,6,116000.0,9,0
63142,1,1,1,10,7,37932.0,15,1
9046,1,2,1,8,3,25980.0,9,1
55609,1,2,1,3,0,10318.0,8,0
25242,1,2,1,6,0,7524.0,12,0
35355,0,3,1,30,18,86478.0,12,1
58284,0,1,1,5,4,85000.0,11,1
24923,1,2,1,11,8,6000.0,9,0
1784,0,4,0,15,3,110256.0,12,0
5815,1,2,1,20,10,33504.0,18,0
32449,1,2,1,13,8,27144.0,10,0
22122,1,2,1,3,2,47826.0,10,0
13774,0,2,1,13,10,59454.0,12,0
32676,1,2,1,10,6,33508.0,3,0
21443,1,2,1,13,3,22812.0,16,1
26697,0,1,1,28,20,75669.0,8,0
31319,1,3,1,7,3,8712.0,14,0
63312,1,3,1,5,4,43974.0,18,1
66056,0,0,1,27,13,175000.0,16,1
55980,1,3,1,14,9,38820.0,4,0
36791,1,2,1,3,0,10008.0,13,1
13220,1,3,1,4,0,17296.0,20,1
65019,1,2,1,10,1,35179.0,10,0
29558,1,2,1,4,0,4128.0,12,1
7909,0,4,0,20,15,120000.0,2,0
61737,1,2,1,10,5,100000.0,16,1
31183,0,2,1,20,10,89929.0,9,0
12965,1,2,1,12,10,150000.0,10,1
18326,1,2,1,20,8,27492.0,6,0
51300,1,2,1,12,8,33648.0,18,1
9506,0,0,1,32,5,75000.0,7,1
7044,1,3,1,12,2,31944.0,5,0
16803,1,2,1,10,7,57832.0,4,0
65517,0,1,1,22,18,17026.0,19,1
13978,0,3,1,25,17,35856.0,14,0
68127,0,3,1,32,27,165000.0,11,0
261,0,4,1,30,10,49765.0,3,0
35268,1,2,1,5,1,780.0,11,0
29856,1,2,1,10,4,75000.0,16,1
50512,1,2,1,22,12,94230.0,12,1
4419,0,4,1,30,26,180000.0,16,1
62825,1,3,1,2,1,15036.0,12,0
65186,0,3,1,25,10,58654.0,8,0
29058,0,3,0,24,20,58167.0,14,1
33516,0,1,1,5,3,54306.0,8,0
55761,0,3,1,17,12,47172.0,18,1
2196,1,3,0,17,10,75936.0,19,1
53098,1,2,1,11,10,55200.0,30,1
34352,1,1,1,9,7,66072.0,16,1
9998,0,2,1,35,30,138000.0,8,1
39232,1,1,1,17,10,130000.0,41,1
52363,1,2,1,13,9,76991.0,18,1
46555,1,2,1,7,3,23215.0,5,0
44407,1,1,0,5,2,14712.0,5,0
44538,0,1,1,25,22,53322.0,6,0
48905,0,1,1,31,23,75384.0,7,0
21598,1,1,1,23,13,65940.0,9,0
67130,1,3,1,6,0,43882.0,1,0
30721,0,2,1,7,7,175000.0,13,1
48167,0,2,1,20,15,86850.0,17,1
20852,1,2,1,10,3,37632.0,8,0
41924,1,3,1,10,4,115000.0,4,0
33163,1,3,1,12,6,113000.0,9,0
30933,0,2,1,30,27,75631.0,4,0
55309,1,2,1,10,8,31620.0,11,1
2767,1,2,1,7,5,11676.0,9,0
42154,1,0,1,14,2,39012.0,24,1
37696,0,1,1,18,15,36.0,5,0
4792,0,2,1,30,20,187067.0,20,1
42387,0,3,1,15,10,70000.0,12,0
68752,1,2,1,6,2,100000.0,8,0
28090,0,1,1,20,12,57072.0,14,1
37706,1,2,1,0,1,2844.0,8,0
48307,1,2,1,3,1,13716.0,10,0
26470,1,3,1,10,7,34294.0,18,1
54868,0,2,1,15,12,70276.0,6,0
35889,1,2,1,10,4,95000.0,15,1
14174,1,2,1,5,1,70000.0,13,1
5020,0,2,1,20,12,44965.0,13,0
51576,1,2,1,8,6,65463.0,14,0
17812,1,2,1,7,4,52942.0,12,1
62636,1,2,1,7,4,38856.0,19,1
54589,1,0,1,8,0,42972.0,11,0
67432,0,0,0,17,15,31992.0,7,0
13395,1,0,1,6,4,33732.0,28,1
32399,1,3,1,12,8,20100.0,17,1
6752,1,2,1,10,2,12566.0,12,1
16874,1,2,1,15,8,57984.0,36,1
47029,1,1,1,7,2,32666.0,22,1
50525,1,2,1,7,4,28374.0,10,0
14016,0,3,1,20,13,19740.0,31,1
38632,1,2,1,4,0,51888.0,6,0
917,1,1,1,2,0,60132.0,11,1
36210,1,2,1,20,5,180000.0,6,0
16296,1,2,1,8,6,45396.0,20,1
35538,0,1,1,47,36,86478.0,13,0
40862,1,3,1,2,0,12924.0,6,0
31167,0,2,1,25,21,210000.0,23,1
10286,0,2,1,20,6,100822.0,5,0
68893,1,2,1,6,4,144.0,8,0
4906,0,3,1,8,4,34296.0,8,0
44657,1,3,1,15,8,61853.0,53,1
35479,0,2,1,20,15,75669.0,25,1
12533,0,4,0,12,9,37834.0,12,0
17564,0,2,1,31,25,130000.0,11,0
58006,1,2,1,14,10,160000.0,20,1
62109,0,0,1,29,23,165000.0,12,1
45816,1,2,0,7,7,45324.0,10,1
18791,0,1,1,25,15,59676.0,6,0
38835,0,3,0,35,15,115000.0,4,0
30936,1,3,1,10,3,28170.0,20,1
8554,0,4,0,32,12,38916.0,5,0
50452,1,2,1,13,2,35138.0,15,1
52673,1,3,1,16,3,29436.0,8,0
19811,1,2,1,8,0,7704.0,10,0
54445,0,3,1,3,2,150000.0,12,0
36545,1,2,0,5,3,9492.0,5,0
11539,0,2,1,18,9,24214.0,10,0
61528,1,3,1,9,5,200000.0,11,0
1969,1,2,1,14,0,145000.0,8,0
20944,1,3,1,15,11,20760.0,8,0
55919,1,2,1,3,2,107616.0,11,1
3867,1,2,1,12,9,58373.0,4,0
40440,1,2,1,8,0,18150.0,16,0
12334,1,2,1,5,4,95900.0,15,1
32043,0,2,1,18,5,54049.0,9,1
43251,1,2,1,16,7,54961.0,25,1
62249,1,2,1,9,9,31993.0,9,1
37592,1,1,1,10,0,36324.0,10,0
65249,0,3,1,16,14,42650.0,26,1
69803,0,3,1,22,15,150000.0,2,0
10827,1,3,1,7,3,16488.0,28,1
57911,1,2,1,8,5,54348.0,21,1
25408,0,2,1,23,18,94539.0,17,0
9824,0,3,1,8,7,56211.0,10,0
10490,0,2,1,10,8,86976.0,18,1
5443,1,1,1,15,0,32424.0,7,0
21736,1,2,1,10,5,56304.0,3,0
54116,0,1,1,15,10,34140.0,8,0
60231,1,2,1,9,6,21996.0,19,1
17187,1,2,1,4,2,25970.0,17,1
17753,1,2,1,7,2,80000.0,5,0
53950,1,2,0,11,7,42657.0,19,1
47650,0,2,1,32,23,170000.0,20,1
38217,1,2,1,12,9,58368.0,16,0
12708,0,2,1,15,6,20760.0,16,1
64615,0,3,0,50,50,60000.0,2,0
64942,1,2,1,10,5,150169.0,6,0
63626,1,3,1,14,8,87948.0,19,1
64399,0,2,1,6,6,110000.0,36,1
55857,1,3,1,15,7,63986.0,28,1
35855,1,1,0,8,3,1464.0,14,1
40599,1,2,1,4,2,52104.0,22,1
67398,1,1,1,20,14,100000.0,9,0
14516,1,1,1,7,5,16752.0,22,1
1157,1,2,1,13,3,30792.0,11,0
15190,0,2,1,30,20,12972.0,26,1
49770,1,2,1,4,0,30528.0,9,0
68798,1,1,1,15,9,52992.0,17,1
10939,0,1,1,20,15,10752.0,14,0
20529,1,0,1,10,5,38724.0,13,1
54950,1,2,1,14,11,220000.0,27,1
49261,1,3,1,9,4,56521.0,11,1
3190,1,2,1,4,2,85380.0,10,0
39840,1,3,0,2,0,58368.0,12,1
676,1,3,1,11,3,475.0,6,0
13468,1,3,1,12,7,18432.0,15,1
32457,1,2,1,12,9,39232.0,29,1
21417,1,2,0,3,1,5028.0,12,0
30340,1,2,1,5,2,36000.0,14,1
29319,1,2,1,14,6,59676.0,20,1
57667,0,2,1,34,34,180000.0,3,0
14364,0,3,0,30,22,86600.0,17,1
67722,1,2,1,13,10,108000.0,17,0
62983,0,4,1,17,17,38392.0,4,0
23912,1,3,1,22,12,67021.0,19,1
56696,0,1,1,22,20,69372.0,7,0
47872,1,3,1,14,6,127388.0,12,1
38648,0,2,1,15,11,58514.0,17,1
44342,1,3,1,12,4,51192.0,3,0
21351,1,1,1,7,4,11700.0,11,0
59835,1,1,1,10,5,62820.0,13,1
50223,1,2,1,11,7,93418.0,31,1
55177,1,2,1,7,3,9673.0,11,1
54822,1,2,1,12,6,12544.0,18,1
13328,1,1,1,20,7,864.0,13,0
17925,0,2,1,10,8,105000.0,23,1
61970,1,2,1,15,13,46577.0,11,1
32765,0,2,0,4,3,51888.0,5,0
60778,1,1,1,11,10,64397.0,12,1
6688,0,2,1,21,17,68856.0,11,1
62309,0,2,1,34,33,140000.0,7,0
28936,1,3,1,12,7,88474.0,10,0
16292,0,1,0,9,5,19452.0,11,1
30634,1,2,1,7,1,180000.0,25,1
22906,0,1,1,28,25,105000.0,21,1
23295,1,2,1,10,4,100000.0,17,1
50003,1,2,1,5,4,44400.0,11,1
66564,0,2,1,25,16,72518.0,8,0
27083,1,3,1,6,1,47217.0,14,1
57178,1,2,1,7,0,69516.0,13,1
53104,1,1,1,8,6,56076.0,17,1
34258,1,2,1,6,6,27488.0,13,0
61507,0,2,1,11,5,51192.0,6,1
40192,1,1,1,13,1,14592.0,18,1
1219,1,2,1,15,10,122350.0,10,0
10549,1,2,1,10,6,142200.0,12,0
15617,1,2,1,4,4,21278.0,8,0
18474,1,2,1,15,11,49296.0,19,1
29550,1,2,1,10,4,51888.0,21,1
28711,1,2,1,7,1,10896.0,3,0
26971,1,2,1,8,4,90482.0,11,0
52609,0,3,1,24,15,92780.0,5,0
30619,0,1,1,5,3,80000.0,2,0
57812,0,2,1,3,2,1200.0,11,0
69059,1,2,1,5,4,6960.0,7,1
67959,0,2,1,5,2,100000.0,15,1
24540,1,3,1,19,10,92147.0,13,1
5917,0,1,1,20,15,129720.0,13,0
48151,1,2,1,12,6,74651.0,23,1
58729,1,1,1,9,7,46250.0,30,1
43675,0,0,0,5,3,95979.0,4,0
24766,1,2,1,14,5,39600.0,10,0
11815,1,2,1,13,9,118675.0,11,0
62679,1,3,1,10,7,166500.0,8,1
60927,0,3,1,18,8,38392.0,4,0
513,0,3,1,40,35,97288.0,14,1
13088,0,2,1,30,30,23268.0,10,1
57935,1,2,1,8,3,13248.0,17,1
51764,0,2,0,35,27,53322.0,8,0
47479,1,1,1,22,15,81207.0,8,0
10396,0,2,1,26,16,180000.0,13,1
30128,1,3,1,19,10,82464.0,19,0
34009,1,2,1,14,3,48644.0,10,1
40751,1,3,1,7,5,104000.0,11,0
41446,1,2,1,7,5,85000.0,16,1
57072,1,3,1,10,4,7980.0,12,1
7631,1,3,1,15,5,59454.0,18,1
36214,1,2,1,13,6,70150.0,24,1
61350,0,4,1,39,21,140000.0,4,0
44084,1,2,1,17,12,83760.0,14,1
9531,0,2,1,28,14,54000.0,13,1
56286,0,3,1,27,20,53322.0,16,1
35797,0,2,0,30,20,15396.0,7,0
15630,1,3,1,10,3,140000.0,18,1
68910,0,3,1,10,6,135.0,3,0
55142,0,2,1,15,13,85315.0,12,1
47339,1,2,1,12,7,165538.0,15,1
64203,0,2,1,25,21,150000.0,3,0
54582,0,2,1,25,21,127968.0,27,1
26451,0,3,1,27,11,127780.0,19,0
1403,0,3,1,20,16,63204.0,15,0
35358,0,3,1,27,25,120529.0,17,0
38319,1,2,1,10,4,150000.0,10,0
27803,0,2,1,7,7,90000.0,15,1
48890,1,0,1,5,4,29772.0,9,1
27811,1,3,1,6,4,38778.0,18,1
53664,0,1,1,23,20,47990.0,4,0
47641,1,2,1,5,3,45230.0,10,1
45511,1,2,1,7,1,11604.0,21,1
60604,0,2,1,20,17,23304.0,7,0
42474,1,2,1,7,2,160000.0,3,0
38211,1,2,1,12,7,140088.0,11,0
28409,1,2,0,10,6,60129.0,3,0
9700,0,3,1,37,26,150000.0,8,0
23804,1,3,1,18,11,66828.0,16,1
5573,0,2,1,17,12,78900.0,20,1
40810,1,2,1,7,3,85000.0,31,1
30655,1,4,0,14,10,51704.0,7,0
68823,1,2,1,16,9,29760.0,13,0
64156,0,2,1,36,32,121030.0,19,1
62502,1,2,1,4,1,32124.0,16,0
53348,0,2,1,25,20,53322.0,14,1
27768,0,3,1,25,21,190000.0,11,1
59485,1,2,0,3,2,60000.0,13,1
35094,0,4,0,40,18,90000.0,5,0
38748,1,2,1,17,13,74447.0,10,0
39222,1,2,1,8,0,15192.0,7,0
37534,1,3,1,5,5,53184.0,15,1
20536,1,2,1,4,1,21372.0,16,1
57251,0,1,1,16,15,24000.0,30,1
40157,0,2,1,23,22,150000.0,12,0
12299,0,3,1,15,12,41568.0,6,1
36082,0,1,1,25,10,130000.0,10,1
64088,0,2,0,10,8,60948.0,7,0
51723,1,2,1,7,4,21925.0,5,0
19848,0,2,1,26,18,87560.0,4,0
29327,0,0,1,30,30,103408.0,5,0
4545,0,2,1,38,28,60480.0,22,1
62967,1,1,1,14,7,97128.0,20,1
511,1,1,1,20,10,13962.0,12,1
36581,0,2,1,31,27,122796.0,7,0
13368,0,2,1,10,6,220000.0,22,1
1890,0,2,1,39,26,121010.0,5,0
59204,1,2,1,5,5,106157.0,4,0
10684,0,2,1,43,28,51704.0,6,0
6577,1,2,1,5,2,4692.0,9,1
17939,0,2,1,8,5,81074.0,33,1
27557,1,2,1,3,0,2244.0,10,1
28815,1,2,1,8,4,86500.0,15,1
1167,1,2,1,5,3,6696.0,22,0
13088,0,2,1,30,30,23268.0,10,1
14992,0,2,1,15,10,108100.0,12,1
68066,0,1,1,20,7,47990.0,23,1
39605,1,2,1,5,0,27240.0,16,1
39215,1,1,1,11,3,14352.0,38,1
58208,0,4,1,27,15,153000.0,11,1
46417,0,3,1,25,13,89581.0,3,0
1965,0,2,1,10,10,5256.0,23,0
27829,0,1,1,27,25,64287.0,11,1
33290,0,2,0,5,1,1111.0,5,0
67616,1,2,1,5,0,3744.0,10,0
42678,0,4,1,29,9,145000.0,6,1
37789,0,1,1,6,5,36444.0,5,0
63461,0,4,1,40,20,59720.0,13,0
68836,1,2,1,11,5,170000.0,13,1
46328,0,1,1,35,32,152368.0,16,1
32464,1,2,1,6,3,77556.0,21,1
24950,1,0,1,14,7,64860.0,18,1
4070,0,0,0,30,20,56874.0,9,1
14026,1,2,1,8,6,48644.0,14,1
26754,1,3,1,11,5,47184.0,10,0
12416,0,2,0,42,42,166440.0,12,0
11324,1,3,1,12,4,29100.0,4,0
54559,0,0,1,19,16,15144.0,10,1
31414,1,2,1,10,8,88572.0,15,1
15180,1,3,1,7,3,48444.0,7,0
7051,0,1,1,25,16,113447.0,21,1
51603,1,2,1,16,8,4644.0,16,1
39713,1,3,1,3,2,31128.0,5,0
17880,1,3,1,7,5,120000.0,8,0
63043,1,2,1,15,6,46923.0,11,1
52155,0,2,1,27,22,68736.0,24,1
22738,0,1,1,27,16,73644.0,8,0
43454,1,3,1,12,2,34548.0,10,0
10294,1,3,1,8,6,32316.0,26,1
36300,1,1,1,6,2,14520.0,8,0
59142,1,2,1,3,2,90000.0,18,1
55525,1,2,1,10,4,7093.0,13,1
1211,0,3,0,30,27,86478.0,8,0
27525,1,4,0,12,2,41688.0,1,0
32574,0,2,1,13,10,108098.0,8,1
3193,1,3,1,11,6,44100.0,8,0
66514,0,2,1,4,2,103419.0,22,1
41267,1,2,1,9,5,87948.0,15,1
25777,1,2,1,7,2,72000.0,16,1
11284,1,4,1,26,16,68102.0,20,1
1264,1,1,1,14,9,63778.0,10,1
20932,1,2,1,10,6,47736.0,6,1
51512,0,2,0,30,30,38388.0,3,0
47064,0,3,1,15,8,200000.0,16,1
11387,1,2,1,10,8,18864.0,11,1
41552,1,2,1,7,2,70276.0,24,1
18612,1,3,1,11,4,52968.0,8,0
53891,1,2,1,12,10,61056.0,19,1
18662,0,1,1,40,25,64630.0,27,1
8344,1,3,1,4,2,12144.0,5,0
9076,1,1,1,5,3,12.0,7,0
65660,0,3,1,32,14,77779.0,7,0
43413,0,2,1,27,14,61853.0,9,0
45027,1,2,0,12,9,106644.0,24,0
67528,0,3,1,29,22,51192.0,15,1
49668,0,2,1,25,25,175000.0,29,1
51272,1,3,1,15,7,210000.0,10,0
55961,1,0,1,15,10,117308.0,14,0
32954,1,2,1,6,1,52942.0,18,1
20465,0,2,1,12,12,142892.0,6,0
54662,1,2,1,12,10,139000.0,13,1
8411,1,1,1,15,7,168636.0,16,1
17683,1,2,1,7,1,9075.0,23,1
16981,0,1,1,37,26,124560.0,21,1
68228,1,2,1,6,3,888.0,4,0
26221,1,2,1,8,4,33510.0,17,1
58915,1,3,0,9,5,79983.0,11,0
62455,0,2,1,20,15,29916.0,35,1
24586,0,3,1,20,18,39780.0,10,0
6525,1,3,1,6,2,276.0,17,1
12730,0,2,1,30,20,21696.0,18,1
67134,0,3,1,18,10,78012.0,21,1
11995,0,3,0,6,6,62268.0,5,0
45898,0,2,1,40,35,200000.0,8,1
24496,1,1,1,8,0,37834.0,16,1
47398,0,2,1,20,12,57794.0,14,1
43913,1,3,1,12,7,74651.0,18,1
34076,0,3,0,10,10,97288.0,4,0
11286,1,2,1,10,5,50816.0,17,1
896,1,2,1,10,2,23735.0,10,0
62589,1,3,1,18,5,38388.0,6,0
35678,1,2,1,5,2,21324.0,6,0
16870,1,1,1,5,2,41597.0,22,1
23873,0,3,1,25,10,94045.0,6,0
32810,0,3,0,12,12,45564.0,16,1
40629,0,0,0,6,5,44965.0,0,0
32944,0,2,0,30,25,20682.0,10,0
4063,1,1,1,7,4,24648.0,10,0
7717,0,2,1,20,11,67500.0,10,0
47529,1,2,1,7,0,120000.0,10,0
68634,1,2,1,16,14,102204.0,23,1
2763,0,4,1,32,25,32424.0,6,0
36379,1,1,1,7,5,43239.0,13,0
1398,1,2,1,5,4,105000.0,25,1
42605,0,3,1,22,16,83184.0,10,0
32093,1,2,1,15,4,24084.0,10,0
27104,1,2,1,7,1,36193.0,12,0
63218,1,3,1,15,10,76783.0,17,1
36903,1,3,1,5,3,41363.0,12,0
54300,1,2,1,11,2,18072.0,12,1
64045,1,3,1,10,6,220000.0,11,1
51185,1,2,1,10,8,140000.0,24,1
22617,1,0,1,3,2,5405.0,18,1
47510,0,2,1,12,11,200000.0,13,1
14923,1,2,1,13,5,85960.0,12,1
34787,1,2,1,11,6,27492.0,21,1
11147,1,0,1,4,0,8400.0,15,1
45173,1,3,1,15,5,84456.0,10,1
32828,1,2,1,7,5,30000.0,16,0
29914,0,1,1,34,34,86606.0,5,0
53985,0,3,0,32,32,26661.0,8,0
57926,0,2,1,21,11,128000.0,8,1
32963,1,0,1,12,5,54696.0,18,0
44270,1,3,1,16,10,79983.0,17,1
15540,1,3,1,10,4,150000.0,13,1
26402,0,3,1,32,25,170000.0,7,0
39094,1,3,1,12,7,56616.0,8,0
58685,0,3,1,28,18,77652.0,23,1
67479,1,3,1,14,9,55455.0,17,1
64162,1,2,1,6,2,7738.0,15,1
50380,1,2,1,9,5,64810.0,14,1
24113,1,2,1,20,10,155111.0,14,0
55551,1,1,1,1,0,10872.0,11,1
41975,1,2,1,3,2,80000.0,9,1
51534,1,2,1,17,14,101500.0,13,0
52108,0,2,1,20,16,31992.0,7,0
19882,0,3,0,32,32,32568.0,2,0
7397,1,2,1,10,8,18192.0,7,0
8912,0,1,1,9,6,22644.0,13,0
31880,1,3,1,13,3,16860.0,2,0
46876,1,2,1,4,3,90000.0,22,1
59926,0,3,1,31,26,60948.0,16,0
42519,0,2,1,5,5,104000.0,22,1
48104,1,2,1,7,4,11712.0,25,1
60446,0,3,1,20,15,25596.0,14,1
50451,0,3,1,20,16,147000.0,24,1
6846,1,2,1,12,8,113503.0,5,0
3141,1,2,1,12,2,30000.0,5,0
7482,0,1,1,9,5,19872.0,23,0
22585,1,1,1,5,2,3024.0,6,0
29395,0,2,1,35,29,79000.0,11,1
48763,1,2,1,5,0,9192.0,23,1
20445,1,2,0,9,6,64080.0,20,1
61496,1,1,1,7,3,156000.0,24,1
67995,1,2,1,5,2,130000.0,13,1
44806,0,3,1,30,28,106644.0,3,0
21220,1,2,1,15,9,92784.0,9,0
61796,0,0,1,28,22,100000.0,18,1
68624,1,2,1,3,2,37692.0,7,0
13848,1,3,1,8,7,45564.0,26,1
11771,1,0,0,4,0,21408.0,12,0
57329,0,4,1,29,12,168000.0,13,1
15387,1,2,0,6,2,6036.0,6,0
9443,0,1,1,18,10,59172.0,10,1
35447,1,3,1,5,0,2513.0,9,0
40756,1,3,1,8,3,54049.0,19,0
16565,1,1,1,14,5,48644.0,13,0
15822,0,2,1,30,23,82150.0,43,1
42341,1,2,1,21,13,210000.0,18,1
57664,1,3,1,10,6,1290.0,20,1
9215,1,2,1,10,3,20244.0,11,1
33973,0,3,1,21,14,86478.0,18,1
6352,1,1,1,14,6,3348.0,9,0
41096,1,2,1,12,5,75684.0,20,1
9082,1,3,1,9,5,16488.0,4,0
33013,1,4,1,15,9,24000.0,25,1
30541,1,3,1,10,4,16752.0,10,0
41957,1,3,1,4,2,73992.0,8,0
29254,1,2,1,4,2,3204.0,10,0
31045,0,2,1,15,10,33504.0,24,1
40728,1,2,1,6,3,106500.0,6,0
67253,1,2,1,17,12,73320.0,13,1
32750,1,3,1,10,5,43239.0,4,0
18490,0,2,1,18,8,190000.0,18,0
39987,1,2,0,15,13,188731.0,25,1
14892,0,2,1,28,15,140000.0,6,0
52970,0,2,0,6,3,70000.0,11,0
25131,1,0,1,12,8,87300.0,3,0
59019,0,1,1,31,26,148000.0,7,1
30077,0,3,1,33,23,64859.0,25,1
31514,1,3,1,12,8,86478.0,13,0
5182,0,2,0,15,10,12648.0,24,1
14678,0,1,1,16,14,100000.0,17,1
25487,1,2,1,5,2,20340.0,5,0
11550,0,2,1,18,18,54780.0,3,0
13141,0,2,1,23,17,86478.0,11,1
47686,1,3,1,11,8,28374.0,14,1
67192,1,2,1,9,2,13437.0,7,0
8936,0,1,1,25,23,19236.0,9,0
1406,1,2,1,10,3,36753.0,6,0
47587,0,1,0,25,3,28908.0,12,0
30003,0,3,1,2,1,22701.0,18,1
25698,1,3,1,10,4,71211.0,8,0
15492,1,2,1,8,4,17148.0,4,0
32455,0,2,1,20,11,94533.0,9,0
5914,1,2,1,7,2,48000.0,13,0
3532,0,2,1,18,13,155000.0,15,0
53657,1,0,1,17,6,62712.0,17,1
49654,1,2,1,13,4,69375.0,15,1
33414,1,2,1,8,3,60695.0,11,1
69282,0,2,0,10,10,31993.0,5,0
48765,1,0,1,4,4,5988.0,9,1
3492,1,3,1,12,5,64737.0,10,1
6244,1,2,1,6,0,6283.0,16,1
29529,1,3,1,5,3,27600.0,22,1
32181,0,1,0,25,20,7000.0,6,0
9150,1,2,1,9,3,23352.0,7,0
45869,0,2,1,25,19,100440.0,9,1
45505,1,0,1,2,1,21120.0,14,1
10519,1,3,1,8,6,36487.0,19,1
22959,1,1,1,10,9,41232.0,25,1
47219,1,3,1,4,2,16452.0,26,1
56867,0,3,1,30,25,93264.0,15,1
8613,1,3,1,10,6,150792.0,14,1
51018,1,2,1,9,5,85893.0,9,1
17802,1,2,1,10,3,57072.0,8,1
6755,0,2,1,25,25,57000.0,13,1
22553,0,3,1,40,24,142185.0,18,1
49833,1,3,1,11,5,54388.0,10,0
47008,1,1,1,6,3,48.0,11,0
6619,1,2,1,4,3,8376.0,6,0
39088,0,1,1,27,20,19248.0,17,0
19448,0,1,1,30,24,133619.0,15,0
24677,0,2,1,22,20,97288.0,9,0
33665,0,4,0,34,17,59459.0,29,1
8551,0,2,1,27,17,20064.0,12,1
58659,0,2,1,27,21,200000.0,12,1
63131,1,3,1,16,5,44796.0,12,1
45540,1,3,1,8,7,125639.0,14,1
26945,0,4,1,22,18,51704.0,10,0
870,1,2,1,7,4,24696.0,21,1
49997,1,2,1,8,6,37932.0,14,1
12865,1,0,1,15,15,52536.0,23,1
26999,0,3,1,25,16,51888.0,28,1
1814,1,2,1,8,1,67600.0,10,1
68731,1,1,1,12,9,66372.0,13,1
59051,1,2,1,14,10,97605.0,10,0
28724,0,2,1,50,40,150000.0,6,0
493,1,2,1,20,9,190000.0,31,1
69192,0,3,1,20,15,75480.0,16,1
18847,1,1,1,7,1,5424.0,12,1
48739,1,2,1,5,1,50123.0,8,0
24622,1,3,1,8,5,22701.0,12,0
26807,0,2,1,15,10,47388.0,9,0
9781,1,2,1,9,1,175000.0,9,0
18012,0,3,1,10,7,21144.0,3,0
61014,1,2,1,3,1,11964.0,12,1
61669,1,2,1,4,3,15660.0,10,1
52230,0,2,1,24,21,114792.0,11,1
21621,1,2,1,10,4,48324.0,18,1
6687,0,3,1,15,13,48644.0,12,1
32769,1,3,1,10,7,57156.0,10,0
7537,1,1,1,4,2,49092.0,13,1
9864,0,3,1,16,15,70400.0,14,1
52609,0,3,1,24,15,92780.0,5,0
15537,1,2,1,7,7,105000.0,26,1
66172,1,3,1,10,0,180984.0,4,0
30521,0,2,1,26,20,140000.0,3,0
21253,1,0,1,3,0,18156.0,8,0
45752,1,3,1,14,10,13716.0,7,0
20915,1,2,1,6,4,6588.0,14,1
53648,0,0,1,25,25,66119.0,15,1
28973,1,1,1,12,9,25824.0,11,1
29329,0,2,1,25,8,90482.0,10,1
22948,1,0,1,8,7,189844.0,9,0
67274,0,2,1,32,28,77200.0,8,0
25421,1,2,1,7,7,95000.0,21,1
4199,1,1,1,9,3,23352.0,11,0
14812,1,2,1,9,2,14400.0,24,1
20561,0,3,1,32,24,92748.0,16,1
39861,1,2,1,5,1,80000.0,14,1
548,1,3,1,15,7,39456.0,22,1
55313,1,2,1,7,1,59366.0,23,1
31207,1,1,1,10,8,49119.0,9,1
14797,1,2,1,8,3,27372.0,11,0
29761,0,3,1,26,20,60957.0,16,1
43375,1,3,1,11,5,42657.0,18,1
13784,0,3,1,5,5,71208.0,16,0
7263,1,2,1,15,12,56211.0,6,0
64490,0,3,0,0,0,24312.0,4,0
18380,1,2,1,8,1,70000.0,12,0
1078,1,3,1,10,7,69285.0,4,0
24053,0,3,1,10,3,34591.0,13,1
50393,1,3,1,9,6,87981.0,9,1
34458,0,2,1,38,33,27492.0,1,0
51267,1,2,1,3,0,99552.0,17,1
68728,1,2,1,3,1,58000.0,8,0
27322,1,3,1,17,11,102693.0,8,0
47930,1,2,1,10,1,115000.0,10,0
37374,1,1,1,8,3,15000.0,24,1
39695,0,2,1,17,10,199632.0,6,0
49867,0,1,1,20,20,37392.0,6,0
33908,1,3,1,20,8,63778.0,12,0
32451,0,1,1,18,15,29186.0,16,1
19282,1,2,0,6,1,19546.0,15,0
22931,1,1,1,15,5,32429.0,8,1
44574,1,2,1,12,10,150767.0,39,1
36976,1,4,1,20,3,142000.0,8,0
7876,1,3,1,15,9,25080.0,16,1
6514,1,2,1,10,6,61616.0,15,0
9430,1,2,1,5,2,51996.0,14,1
23065,1,3,1,14,4,45396.0,16,1
23902,1,3,1,11,6,36372.0,14,1
48009,1,2,1,5,3,27600.0,14,1
56392,0,3,1,21,16,43724.0,19,1
37968,1,3,1,3,2,45241.0,12,1
8951,1,2,1,8,4,82000.0,12,1
632,0,0,0,37,19,19458.0,13,1
14733,1,1,1,17,8,70264.0,13,0
10992,1,2,1,10,7,185000.0,21,1
17124,1,2,1,13,10,180000.0,18,1
69162,1,3,1,10,4,59050.0,11,1
58212,1,1,1,6,4,80000.0,16,1
31737,1,3,1,16,11,62303.0,17,1
51241,1,2,1,10,10,49860.0,13,1
68968,0,3,0,25,13,196048.0,8,0
57074,1,2,1,6,2,34548.0,12,0
59933,1,1,1,10,8,85315.0,28,1
38776,0,3,1,19,16,83770.0,16,1
23566,1,2,1,23,10,83512.0,15,1
60710,1,2,1,10,7,12060.0,8,0
58635,0,3,1,23,18,92139.0,26,1
46539,1,1,1,15,12,113075.0,22,1
63268,0,3,1,30,20,95979.0,20,1
29654,1,3,1,4,1,7884.0,5,0
2536,1,0,1,25,10,64859.0,13,1
21632,1,3,1,7,1,48644.0,9,0
4916,1,2,1,5,3,29676.0,15,0
40735,1,3,1,15,6,54049.0,13,0
17357,1,1,1,8,0,43866.0,7,0
47430,0,1,1,16,16,110000.0,12,1
36284,1,3,1,10,5,44676.0,7,1
30972,1,3,1,12,5,48000.0,11,1
66784,0,1,1,25,12,36461.0,4,0
57453,0,2,0,27,13,33564.0,15,0
55271,1,2,1,5,3,4644.0,10,0
1975,1,2,1,8,5,85000.0,6,0
44399,0,3,1,20,10,72518.0,11,0
16809,1,3,1,1,0,45241.0,16,1
52533,1,3,1,8,4,32160.0,18,1
29816,0,2,1,23,21,178000.0,2,0
18546,1,2,1,10,6,56788.0,22,1
40456,0,3,1,11,8,36861.0,2,0
23561,1,2,1,9,5,51228.0,27,0
26954,1,1,1,3,3,13188.0,23,1
3719,0,1,1,33,18,67453.0,7,0
64104,0,3,1,25,23,93701.0,17,1
20329,1,2,1,4,1,25812.0,12,0
44701,1,3,1,8,3,3864.0,5,0
20947,1,2,1,4,2,23352.0,21,1
53454,1,1,1,10,1,43512.0,38,1
66877,1,2,0,10,6,71451.0,15,0
43062,0,2,1,20,17,65820.0,6,0
38111,0,2,1,17,13,86478.0,28,1
26823,0,3,1,25,12,91883.0,15,0
35299,1,2,1,9,5,58913.0,9,0
27453,0,3,1,20,13,72426.0,13,1
64430,1,3,1,18,4,76783.0,6,0
25212,1,2,1,7,2,19452.0,15,1
64935,0,3,1,15,10,69318.0,12,1
61418,0,2,1,24,22,116000.0,13,1
8603,0,2,1,24,21,69637.0,13,1
46384,1,2,1,5,4,19241.0,15,0
37250,1,1,1,25,11,90804.0,22,1
34672,0,4,0,40,20,64630.0,5,0
6164,1,3,1,15,8,87559.0,16,0
38929,1,3,1,6,3,85000.0,25,1
51487,0,1,1,21,21,190000.0,12,0
69076,0,3,1,25,20,106212.0,16,1
25786,1,0,1,11,0,33104.0,5,0
26608,0,3,1,15,11,22644.0,7,0
51423,0,2,1,33,32,120000.0,11,1
49445,0,2,1,20,11,56988.0,17,0
4794,1,2,1,7,3,60354.0,14,1
61406,0,1,1,20,16,132743.0,43,1
50284,1,2,1,6,4,43500.0,13,1
25687,1,2,1,7,1,8376.0,9,0
59465,1,2,1,14,10,115800.0,19,1
53776,1,2,1,9,4,40956.0,20,1
18630,1,2,1,5,2,4740.0,19,1
5602,1,2,0,7,3,19512.0,16,0
39201,0,3,1,12,9,43776.0,10,0
12028,1,2,1,12,10,56211.0,14,0
47141,1,1,1,10,4,65000.0,16,0
7061,1,2,1,9,4,40836.0,12,1
66621,1,2,1,9,4,61944.0,15,1
16099,0,1,1,39,25,93390.0,9,1
64754,0,2,1,28,23,150000.0,26,1
23130,1,2,1,7,4,87500.0,12,1
39002,1,3,1,8,2,38778.0,17,1
8744,1,0,1,12,10,80000.0,10,0
5870,1,2,1,3,3,150000.0,11,1
55127,1,2,1,5,4,27729.0,5,0
41499,1,2,1,9,7,140000.0,10,0
41581,0,3,1,25,16,185000.0,11,0
24228,1,0,1,16,10,75000.0,28,1
34695,1,2,0,5,1,82000.0,13,1
65239,0,4,1,8,4,113761.0,8,0
21712,1,1,1,11,6,24000.0,19,1
69889,0,2,1,11,7,200000.0,21,1
21923,0,2,1,24,17,74588.0,14,0
42907,1,2,1,3,1,5804.0,6,0
25746,1,3,1,6,5,77556.0,18,1
48850,1,2,1,11,5,17131.0,14,1
56060,0,3,1,37,23,45192.0,21,1
68721,0,2,1,20,18,19944.0,17,1
29286,1,3,1,14,9,11169.0,10,0
65105,1,3,1,10,6,3451.0,8,0
33700,0,2,1,35,20,51960.0,12,0
24420,0,3,1,23,13,35856.0,10,0
61573,0,2,1,15,10,106644.0,10,0
49207,1,2,1,14,10,47425.0,19,1
60991,1,2,1,12,9,160000.0,10,1
45098,1,0,1,10,2,47743.0,9,0
61409,0,2,1,26,22,169613.0,7,0
51000,1,2,1,11,3,110000.0,6,0
12894,1,3,1,7,1,25627.0,10,1
8290,0,2,1,8,6,106200.0,22,1
20179,1,3,1,10,5,67021.0,18,1
5097,0,1,1,12,9,174000.0,25,1
25430,1,3,1,10,6,9432.0,7,0
53191,1,2,1,5,1,6012.0,27,1
42964,0,3,1,41,41,180000.0,12,1
39802,1,1,1,18,10,58368.0,15,0
56548,0,1,1,27,22,52728.0,11,1
50197,1,2,1,7,2,42228.0,9,0
34758,0,2,1,25,22,110000.0,4,0
21938,0,2,1,15,8,588.0,11,1
16346,1,3,1,13,6,80059.0,6,0
62881,0,3,1,21,15,44796.0,30,1
38011,0,2,1,33,25,94359.0,3,0
56158,0,2,1,8,5,31992.0,10,0
66007,1,3,1,4,3,33300.0,18,1
26370,1,3,1,12,8,96874.0,21,1
65613,0,3,1,13,10,112000.0,10,0
26306,0,2,1,22,18,91056.0,7,1
32529,1,2,1,7,1,2076.0,10,1
35884,1,2,1,14,4,117626.0,6,0
67090,1,2,0,6,0,34908.0,15,1
64394,0,4,1,31,21,150000.0,6,0
3154,0,2,0,35,25,104208.0,13,0
2698,0,3,0,21,16,79896.0,12,1
30416,1,3,0,4,3,19872.0,8,0
19821,1,2,1,10,7,9773.0,20,1
54519,1,2,1,7,4,33852.0,30,1
32192,0,3,1,23,16,72601.0,11,1
64559,1,2,0,6,6,117126.0,3,0
52158,1,1,1,4,0,14496.0,11,1
33623,0,2,1,36,11,45000.0,11,1
51425,1,3,1,9,5,175000.0,15,1
1265,0,3,1,40,40,68507.0,2,0
39955,0,2,1,20,15,75631.0,21,1
56780,1,1,1,11,7,62352.0,5,0
18307,1,2,1,8,4,22700.0,10,0
38344,0,3,1,17,16,41232.0,25,1
